Site ID,Site Name,Country,Architecture Type,Architecture Type_Ref,Architecture Type_Ext,Construction Period,Construction Period_Ref,Construction Period_Ext,Civilization,Civilization_Ref,Civilization_Ext,UNESCO Criteria,UNESCO Criteria_Ref,UNESCO Criteria_Ext,Mentioned Major Stone(s),Mentioned Major Stone(s)_Ref,Mentioned Major Stone(s)_Ext,Rock Class,Rock Class_Ref,Rock Class_Ext,Secondary Stone,Secondary Stone_Ref,Secondary Stone_Ext,Local Stone Name,Local Stone Name_Ref,Local Stone Name_Ext,Lithology,Lithology_Ref,Lithology_Ext,Geological Age,Geological Age_Ref,Geological Age_Ext,Formation,Formation_Ref,Formation_Ext,Colour,Colour_Ref,Colour_Ext,Texture,Texture_Ref,Texture_Ext,Minerals,Minerals_Ref,Minerals_Ext,Quarry,Quarry_Ref,Quarry_Ext,Quarry Country,Quarry Country_Ref,Quarry Country_Ext,Local vs Imported,Local vs Imported_Ref,Local vs Imported_Ext,Transport Distance,Transport Distance_Ref,Transport Distance_Ext,Structural Use,Structural Use_Ref,Structural Use_Ext,Decorative Use,Decorative Use_Ref,Decorative Use_Ext,Masonry Technique,Masonry Technique_Ref,Masonry Technique_Ext,Weathering,Weathering_Ref,Weathering_Ext,Replacement Stone,Replacement Stone_Ref,Replacement Stone_Ext,Restoration,Restoration_Ref,Restoration_Ext,Condition,Condition_Ref,Condition_Ext,UNESCO Mention,Other references
252.0,Taj Mahal,India,Indo-Islamic sepulchral architecture,Internal (DS/OUV),,1632 AD - 1653 AD (Main mausoleum completed 1648 AD),Internal (DS/OUV),,Mughal Empire,Internal (DS/OUV),,(i) to represent a masterpiece of human creative genius;,Internal (DS/OUV),,White Marble,Internal (DS/OUV),,Sedimentary Rock,,,Red Sandstone,Internal (DS/OUV),,Makrana Marble (Sang-e-Marmar / Pure White Calcite Marble),External,https://iugs-geoheritage.org/geoheritage_stones/makrana-marble/,Metamorphic (Granoblastic Calcitic Marble with ~98–100% Calcite); Secondary stone is Sedimentary Quartzarenite Sandstone,External,https://iugs-geoheritage.org/geoheritage_stones/makrana-marble/,Proterozoic,External,https://iugs-geoheritage.org/geoheritage_stones/makrana-marble/,"Ajmer Formation, Kumbhalgarh Group, Delhi Supergroup",External,https://www.ijraset.com/best-journal/an-appraisal-of-hydrogeological-conditions-and-fluoride-problem-in-makrana-block-of-nagaur-district-in-rajasthan-india,Pure white with greyish veins,Internal (DS/OUV),,"Fine to medium-grained, crystalline granoblastic, interlocking texture",External,https://iugs-geoheritage.org/geoheritage_stones/makrana-marble/,"Calcite (>98%), with minor quartz, muscovite, and silicate impurities in grey streaks",External,https://iugs-geoheritage.org/geoheritage_stones/makrana-marble/,"Makrana (Nagaur District, Rajasthan) for marble; Tantpur/Dholpur for red sandstone",External,https://bgm.revistas.csic.es/index.php/bgm/article/view/773/749,india,Internal (DS/OUV),,"Imported (Transported from Nagaur, Rajasthan to Agra, Uttar Pradesh)",External,https://iugs-geoheritage.org/geoheritage_stones/makrana-marble/,"~300 km to 350 km (from Makrana, Rajasthan to Agra)",External,https://www.researchgate.net/publication/330155141_Makrana_Marble_a_Popular_Heritage_Stone_Resource_from_NW_India,"Main tomb structure, minarets, platforms, domes, and wall veneering.",Internal (DS/OUV),,"Exquisite octagonal marble lattice screens, pietra dura stone intarsia inlay (using precious/semi-precious stones), floral relief motifs, and Arabic calligraphic inscriptions.",Internal (DS/OUV),,Brick-in-lime mortar core veneered with dressed stone slices.,Internal (DS/OUV),,Atmospheric pollution-induced discolouration; micro-cracking and bio-deterioration,External,https://www.researchgate.net/publication/354053657_Role_of_air_pollutant_for_deterioration_of_Taj_Mahal_by_identifying_corrosion_products_on_surface_of_metals,,,,"Traditional clay pack treatments (Fuller's earth / multani mitti) for cleaning marble yellowing; air quality monitoring; banning coal/coke usage in the 10,400 $\text{km}^2$ Taj Trapezium Zone (TTZ)",Internal (DS/OUV),,Good,Internal (DS/OUV),,Yes,"Other References	
1. ICOMOS Advisory Body Evaluation (1983)


2. Kaur et al. (2019) – Makrana Marble: A Popular Heritage Stone Resource from NW India


3. ResearchGate: Role of Air Pollutants for Deterioration of Taj Mahal


4. GIA – Gemstones in the Era of the Taj Mahal and the Mughals"
726.0,Historic Centre of Naples,Italy,"Greek, Roman, Byzantine, Norman, French Gothic, Tuscan/Aragonese, Renaissance, Baroque, Neoclassical",Internal (DS/OUV),,9th Century B.C. (Parthenope/Palaepolis) – 18th Century A.D. (Bourbon era) & modern continuity,Internal (DS/OUV),,"Greek, Roman, Byzantine, Norman, Swabian, Angevin, Aragonese, Spanish, Bourbon",Internal (DS/OUV),,"(ii) to exhibit an important interchange of human values, over a span of time or within a cultural area of the world, on developments in architecture or technology, monumental arts, town-planning or landscape design; | (iv) to be an outstanding example of a type of building, architectural or technological ensemble or landscape which illustrates (a) significant stage(s) in human history;",Internal (DS/OUV),,"Yellow Tufa, Grey Piperno, White Marble",Internal (DS/OUV),,Igneous Rock,,,,,,,,,,,,,,,,,,"Yellow (Tufa), Grey (Piperno), White (Marble)",Internal (DS/OUV),,,,,,,,"Naples subsoil (Fontanelle, Capodimonte, Rione Sanità, Pizzofalcone) & western Campi Flegrei (Pianura, Soccavo)",External,https://virtualexplorer.com.au/article/2010/261/urban-geology-in-the-neapolitan-area/materials.html,Italy,Internal (DS/OUV),,Local (Yellow Tufa and Piperno derived locally from subsoil/Bay area); White Marble imported/regional,Internal (DS/OUV),,,,,"Load-bearing masonry walls, foundations, city wall fortifications (e.g., Castel Nuovo, Castel dell'Ovo)",Internal (DS/OUV),,"Facades, columns, capitals, lintels, bas-reliefs, ornamental details, sculptures",Internal (DS/OUV),,,,,,,,,,,,,,Moderate,Internal (DS/OUV),,Yes,"• Journal of the Virtual Explorer: Urban Geology in the Neapolitan Area


• ResearchGate: Piperno from Campi Flegrei


• CORE: Influence of Water on Neapolitan Yellow Tuff"
1016.0,Historical Centre of the City of Arequipa,Peru,"Colonial, Andean Baroque (Mestizo Baroque), Rococo, Neoclassical, Vernacular (Casonas), Historicist",Internal (DS/OUV),,16th to 20th Century A.D.,Internal (DS/OUV),,"Spanish Colonial, European integrated with Native / Indigenous (Pre-Hispanic / Inca influence)",Internal (DS/OUV),,,Internal (DS/OUV),,Sillar (Volcanic Stone / Volcanic Rock),Internal (DS/OUV),,Igneous Rock,External,"Bustamante, R., Vazquez, P., & Prendes, N. (2021). Properties of the Ignimbrites in the Architecture of the Historical Center of Arequipa, Peru. Applied Sciences, 11(22), 10571. https://doi.org/10.3390/app112210571

",Andesite (Lava rock / River boulders),Internal (DS/OUV),,Sillar (specifically Sillar de Arequipa),Internal (DS/OUV),,Dacitic to Rhyolitic Non-welded / Indurated Ignimbrite (Vitric Tuff / Pyroclastic Flow Deposit),External,"Bustamante, R., Vazquez, P., & Prendes, N. (2021). Properties of the Ignimbrites in the Architecture of the Historical Center of Arequipa, Peru. Applied Sciences, 11(22), 10571. https://doi.org/10.3390/app112210571
",,,,na,,,Predominantly White (also Pink/Reddish hues),Internal (DS/OUV),,,,,,,,"Canteras de Añashuayco (Añashuayco Ravine / Paccha Quarry), Airport Quarry",External,"1: https://idus.us.es/bitstreams/f94e9778-fdc8-489b-9d19-a0bab25d1fd7/download
 
2: https://meetingorganizer.copernicus.org/EGU21/EGU21-8355.html",Peru,Internal (DS/OUV),,Local (Extracted from nearby volcanic quarries surrounding the city),Internal (DS/OUV),,,,,"Robust load-bearing walls, foundations, semi-circular arches, porticos, thick vaults, pillars, bridges (Puente Real / Puente Grau)",Internal (DS/OUV),,"Intricate Baroque facade relief carvings, carved corbels, protruding pediments, cornices, decorative doorways, window flanking pillars",Internal (DS/OUV),,"Ashlar masonry (Sillar blocks, voussoirs, paving tiles cut to sizes such as 40x40x20 cubic cm), intricate hand carving by native masons",Internal (DS/OUV),,"Damage due to seismic activity (earthquakes), low-intensity volcanic activity, ENSO/flooding, high atmospheric pollution from vehicle emissions, and erosion",Internal (DS/OUV),,,,,Rebuilding and adaptive reuse following major earthquakes; ~20% of declared casonas/monuments are fully restored,Internal (DS/OUV),,Moderate,Internal (DS/OUV),,Yes,Advisory Body Evaluation (ICOMOS 2000); Peruvian National Law Nº 28296; Municipal Ordinance Nº 13-99; Peer-reviewed geological and architectural studies on Arequipa ignimbrites
173.0,Stone Town of Zanzibar,United Republic of Tanzania,"a complex fusion of Swahili, Arab, Indian, and European influences",Internal (DS/OUV),,18th and 19th centuries,Internal (DS/OUV),,Swahili / Coastal East African,Internal (DS/OUV),,"(ii) to exhibit an important interchange of human values, over a span of time or within a cultural area of the world, on developments in architecture or technology, monumental arts, town-planning or landscape design; | (iii) to bear a unique or at least exceptional testimony to a cultural tradition or to a civilization which is living or which has disappeared; | (vi) to be directly or tangibly associated with events or living traditions, with ideas, or with beliefs, with artistic and literary works of outstanding universal significance;",Internal (DS/OUV),,Coralline ragstone / Coral stone,Internal (DS/OUV),,Sedimentary Rock,,,Laterite,Internal (DS/OUV),,Coral rag / Nyumba za mawe material,External,"Salum, Salum & Chami, Maximilian. (2026). Reclaiming Darajani Creek: colonial sanitation, urban transformation, conservation and heritage memory in Stone Town of Zanzibar, a UNESCO World Heritage Site. Built Heritage. 10. 10.1186/s43238-026-00265-9. ",Na,,,,,,,,,,,,,,,,,,Local coastal coral reef exposures and shallow borrow pits / quarries across Unguja Island,External,"Salum, Salum & Chami, Maximilian. (2026). Reclaiming Darajani Creek: colonial sanitation, urban transformation, conservation and heritage memory in Stone Town of Zanzibar, a UNESCO World Heritage Site. Built Heritage. 10. 10.1186/s43238-026-00265-9. ",United Republic of Tanzania (Zanzibar / Unguja),Internal (DS/OUV),,Local,Internal (DS/OUV),,,,,"Primary load-bearing masonry walls for two-storey mansions, palaces, forts, and residential buildings",Internal (DS/OUV),,"Carved wooden doors, verandahs, and lime-plaster mouldings",Internal (DS/OUV),,"Coral ragstone set in thick lime mortar, encased in lime plaster and wash",Internal (DS/OUV),,"Salt aerosol attack, high atmospheric humidity, tropical moisture, and rainfall deterioration",Internal (DS/OUV),,Locally sourced coral ragstone and traditional lime mortars,Internal (DS/OUV),,Guided by the Stone Town Conservation and Development Authority (STCDA) Master Plan (1994) and Management Plan (2007) using traditional skills and materials,Internal (DS/OUV),,Moderate,,,Yes,"World Bank - Michenzani Green Corridor HIA Report

Limestone Resources of Tanzania: Geological Overview

Reclaiming Darajani Creek (Built Heritage / ResearchGate)"
174.0,Historic Centre of Florence,Italy,"Renaissance, Gothic, Romanesque, Medieval, Roman",Internal (DS/OUV),,13th–17th Century (with ancient Roman foundation from 59 BC),Internal (DS/OUV),,Florentine / Italian Renaissance & Etruscan/Roman,Internal (DS/OUV),,,Internal (DS/OUV),,"Pietra Forte, Pietra Serena",Internal (DS/OUV),,Sedimentary Rock,,,"Carrara Marble, Marmo di Corylo, Rosso di Cotto",Internal (DS/OUV),,"Pietra Forte, Pietra Serena",Internal (DS/OUV),,Turbiditic silicic-carbonate sandstone (Pietra Forte); Feldspathic greywacke sandstone (Pietra Serena),External,https://www.researchgate.net/publication/347198129_Pietraforte_the_Florentine_building_material_from_the_Middle_Ages_to_contemporary_architecture,Upper Cretaceous (Pietra Forte); Upper Oligocene–Lower Miocene (Pietra Serena),External,https://www.researchgate.net/publication/347198129_Pietraforte_the_Florentine_building_material_from_the_Middle_Ages_to_contemporary_architecture,Pietraforte Formation (Ligurian Domain); Macigno Formation (Tuscan Nappe),External,https://www.researchgate.net/publication/347198129_Pietraforte_the_Florentine_building_material_from_the_Middle_Ages_to_contemporary_architecture,Yellowish-brown/ochraceous (Pietra Forte); Cerulean/greyish-blue (Pietra Serena),External,https://www.researchgate.net/publication/347198129_Pietraforte_the_Florentine_building_material_from_the_Middle_Ages_to_contemporary_architecture,"Fine-to-medium grained, graded bedding",External,https://www.researchgate.net/publication/347198129_Pietraforte_the_Florentine_building_material_from_the_Middle_Ages_to_contemporary_architecture,"Quartz, Feldspars (Plagioclase), Micas, Calcite, Dolomite fragments",External,https://www.researchgate.net/publication/347198129_Pietraforte_the_Florentine_building_material_from_the_Middle_Ages_to_contemporary_architecture,"Boboli Hill Quarries, Costa San Giorgio (Pietra Forte); Fiesole & Monte Ceceri Quarries (Pietra Serena); Apuan Alps / Carrara (Marble)",External,https://www.isprambiente.gov.it/it/pubblicazioni/periodici-tecnici/memorie-descrittive-della-carta-geologica-ditalia/stones.pdf,Italy,Internal (DS/OUV),,Local (Pietra Forte & Pietra Serena); Regional Import (Carrara Marble),Internal (DS/OUV),,Local (< 5–10 km for sandstones); ~100 km (for Carrara Marble),External,https://www.isprambiente.gov.it/it/pubblicazioni/periodici-tecnici/memorie-descrittive-della-carta-geologica-ditalia/stones.pdf,"Fortified walls, palaces, bridges, structural pillars, foundations, exterior load-bearing masonry",Internal (DS/OUV),,"Interior pilasters, cornices, door/window frames, statues, facades, plasterwork, frescoes",Internal (DS/OUV),,"Rustication (ashlar), cobblestone paving, traditional Florentine stone masonry",Internal (DS/OUV),,"Exfoliation, atmospheric pollution degradation, humidity erosion, flood risk",Internal (DS/OUV),,,,,"Ongoing urban restoration, 2006 Management Plan, emergency flood risk measures",Internal (DS/OUV),,Good,Internal (DS/OUV),,Yes,"Webpage (Uploaded Document)	
1. UNESCO Official Dossier


2. Pietraforte Sandstone Research Study


3. ISPRA Geological Survey of Italian Stones"
907.0,Villa Adriana (Tivoli),Italy,"Imperial Roman Classical Architecture
",Internal (DS/OUV),,"2nd century A.D. (117 – 138 A.D., reign of Emperor Hadrian)",Internal (DS/OUV),,Ancient Roman / Early Roman Empire,Internal (DS/OUV),,"(i) to represent a masterpiece of human creative genius; | (ii) to exhibit an important interchange of human values, over a span of time or within a cultural area of the world, on developments in architecture or technology, monumental arts, town-planning or landscape design; | (iii) to bear a unique or at least exceptional testimony to a cultural tradition or to a civilization which is living or which has disappeared;",Internal (DS/OUV),,"Cipollino Marble (Marmor Carystium), Granite, Marble, Travertine (Lapis Tiburtinus), Tufa",Internal (DS/OUV),,Metamorphic Rock,,,"Pavonazzetto, Porfido Rosso (Red Porphyry), Proconnesian Marble",,,,,,,,,,,,,,,Greenish-white with dark green bands (Cipollino); Grey/Pink/Red (Granite); Light beige to cream (Travertine),Internal (DS/OUV),,,,,,,,Euboea/Carystos quarries (Cipollino); Aswan quarries (Egyptian Granite); Tivoli / Barco quarries (Travertine & Tufa),Internal (DS/OUV),,"Italy (Local Travertine/Tufa), Greece (Cipollino Marble), Egypt (Granite)",Internal (DS/OUV),,Both: Travertine and Tufa are Local; Cipollino Marble and Egyptian Granite are Imported,Internal (DS/OUV),,,,,"Structural piers, load-bearing walls, foundations, and vaults (Tufa and Travertine); load-bearing columns (Travertine & Granite)",Internal (DS/OUV),,"Peristyle column shafts (Cipollino marble and Egyptian granite), floor pavements (opus sectile), wall revetments, porticos, and decorative statues",Internal (DS/OUV),,"Opus reticulatum, opus mixtum, opus testaceum (brick-faced concrete core), and opus quadratum (travertine ashlar block masonry)",Internal (DS/OUV),,"Atmospheric weathering, carbonate dissolution, biological growth, and material degradation from past exposure/neglect",Internal (DS/OUV),,,,,"Partial anastylosis, continuous consolidation, and structural preservation carried out under the Restoration Charter and the Italian Codice dei beni culturali e del Paesaggio",Internal (DS/OUV),,Good,Internal (DS/OUV),,Yes,"• ICOMOS Advisory Body Evaluation - Villa Adriana (Tivoli)


• Scientific studies on Roman building stone provenance published via the Italian Journal of Geosciences."
1306.0,Australian Convict Sites,Australia,,,,,,,,,,"(iv) to be an outstanding example of a type of building, architectural or technological ensemble or landscape which illustrates (a) significant stage(s) in human history; | (vi) to be directly or tangibly associated with events or living traditions, with ideas, or with beliefs, with artistic and literary works of outstanding universal significance;",,,,,,,,,,,,,,,,,,,,,,,,,,,,,,,,,,,,,,,,,,,,,,,,,,,,,,,,,,,,,,,,,,,
1645.0,Dholavira: a Harappan City,India,"Fortified city, Water Reservoirs, and Cemetery",Internal (DS/OUV),,"ca. 3000–1500 BCE (Bronze Age / Early, Mature, and Late Harappan phases)",Internal (DS/OUV),,Harappan Civilization (Indus Valley Civilization),Internal (DS/OUV),,"(iii) to bear a unique or at least exceptional testimony to a cultural tradition or to a civilization which is living or which has disappeared; | (iv) to be an outstanding example of a type of building, architectural or technological ensemble or landscape which illustrates (a) significant stage(s) in human history;",Internal (DS/OUV),,"Sandstone, Limestone, Agate, Carnelian, Steatite",Internal (DS/OUV),,Sedimentary Rock,Internal (DS/OUV),,"Agate, Carnelian, Steatite, Banded Limestone",Internal (DS/OUV),,Khadir Sandstone / Calcareous Sandstone,Internal (DS/OUV),,"Calcareous Sandstone, Calcareous Mudstone, Fossiliferous Limestone",Internal (DS/OUV),,,,,Khadir Formation (Kachchh Basin),External,,"Yellowish-brown, reddish-brown, buff sandstone, white/banded limestone",Internal (DS/OUV),,,,,,,,Ancient stone quarry sites on Khadir Island (located in the buffer zone),Internal (DS/OUV),,India,Internal (DS/OUV),,"Local: Architectural Sandstone & Limestone from Khadir Island.

Imported/Traded: Raw minerals, metals, and semi-precious stones via regional trade.",Internal (DS/OUV),,Local: 1–5 km (Khadir Island for masonry stones).,,,"Fortification walls, Citadel, Castle, Bailey, Gateways, Water Reservoirs, Drains, and Mortuary structures.",Internal (DS/OUV),,"Polished stone column bases/rings, bead jewellery manufacturing (Agate, Carnelian, Steatite).",Internal (DS/OUV),,Cut/dressed stone masonry with mud-brick cores; mortise-and-tenon joints in stone pillars.,Internal (DS/OUV),,,,,,,,"Minimum intervention, in-situ consolidation, stabilization using scientific conservation principles by Archaeological Survey of India (ASI).",Internal (DS/OUV),,Good,Internal (DS/OUV),,Yes,"1. ICOMOS Evaluation Document


2. UNESCO Official Dossier Ref 1645


3. Kachchh Basin Geological Survey (Sharma et al., 2020)"
945.0,Chhatrapati Shivaji Terminus (formerly Victoria Terminus),India,Victorian Gothic Revival blended with traditional Indian architecture,Internal (DS/OUV),,10 years starting in 1878 (1878–1888),Internal (DS/OUV),,19th-Century British Commonwealth / Colonial India,Internal (DS/OUV),,"(ii) to exhibit an important interchange of human values, over a span of time or within a cultural area of the world, on developments in architecture or technology, monumental arts, town-planning or landscape design; | (iv) to be an outstanding example of a type of building, architectural or technological ensemble or landscape which illustrates (a) significant stage(s) in human history;",Internal (DS/OUV),,"Yellow Malad Stone, Italian Marble, Polished Granite, White Limestone",Internal (DS/OUV),,Igneous Rock,Internal (DS/OUV),,"Italian Marble, Polished Granite, White Limestone",Internal (DS/OUV),,Local Yellow Malad Stone (Yellow Basalt),Internal (DS/OUV),,"Trachytic/Basaltic tuff (Malad yellow stone), crystalline marble, fine-grained limestone",External,Maitri Dore (2014),,,,,,,"Yellow (Malad stone), White (Limestone/Marble)",Internal (DS/OUV),,,,,na,,,Malad Quarries (Mumbai); Carrara (Italy),Internal (DS/OUV),,India (Malad stone) and Italy (Marble),Internal (DS/OUV),,Mixed (Local yellow Malad stone; Imported Italian marble),Internal (DS/OUV),,Local (<25 km) for Malad stone; International long-distance sea route for Italian marble,Internal (DS/OUV),,"Octagonal ribbed masonry dome, drum, turrets, pointed arches, main entrance gates, columns, and exterior walls",Internal (DS/OUV),,"3D-stone carvings of local flora and fauna, gargoyles, allegorical grotesques, arched tympana, portrait roundels, relief busts, decorated rose windows, lion/tiger gate pillars",Internal (DS/OUV),,"Ashlar stone masonry, octagonal ribbed dome masonry, bas-relief and openwork stone carving",Internal (DS/OUV),,Atmospheric degradation from air pollution/traffic emissions and chemical weathering from coastal saline air,Internal (DS/OUV),,,,,"Phase II conservation works ongoing under the long-term management plan by the Architectural Conservation Cell (ACC, initiated 1997)",Internal (DS/OUV),,Good,Internal (DS/OUV),,Yes,"ICOMOS Advisory Body Evaluation, 
Official UNESCO Dossier, and 
Maitri Dore (2014)"
3.0,Aachen Cathedral,Germany,Palatine Chapel / Cathedral (Carolingian octagonal core with Gothic choir and additions),Internal (DS/OUV),,Began c. 790–800 (c. 793–813; consecrated 805),Internal (DS/OUV),,Carolingian (Frankish) Empire / Holy Roman Empire,Internal (DS/OUV),,,Internal (DS/OUV),,Marble,Internal (DS/OUV),,Metamorphic Rock,,,"Local quarry stone (Sandstone/Limestone), Granite (1840s replacement columns)",,,Aachen Bluestone / Aachener Blaustein (fossiliferous limestone),,,"Fossiliferous Limestone, Marble, Sandstone",,,Na,,,,,,Greek and Italian marble tones,Internal (DS/OUV),,,,,,,,"Local quarries (Aachen area); Ancient spolia sourced from Rome, Ravenna, and Cologne (St. Gereon)",External,https://en.wikipedia.org/wiki/Aachen_Cathedral,"Germany, Italy, Greece",External,https://en.wikipedia.org/wiki/Aachen_Cathedral,"Local (immediate vicinity) to Long-distance (>1,000 km from Rome and Ravenna)",External,https://en.wikipedia.org/wiki/Aachen_Cathedral,,,,"Eight main octagonal piers, vaulted arcades, load-bearing exterior walls, octagonal drum, and dome cupola",Internal (DS/OUV),,"Antique interior marble columns/facade lining, Carolingian stone throne, Proserpine relief sarcophagus",Internal (DS/OUV),,,,,,,,,,,,,,Good,,,Yes,"ICOMOS Advisory Body Evaluation, Wikipedia: Aachen Cathedral Entry, and Wikimedia Commons Stone Archives"
1056.0,Mahabodhi Temple Complex at Bodh Gaya,India,"Classical style of Indian temple architecture (featuring a 50m curvilinear shikhara/tower, chaitya niches, stupas, and shrines)",Internal (DS/OUV),,3rd century B.C.,Internal (DS/OUV),,Mauryan Period & Late Gupta Period (Indian Buddhist),Internal (DS/OUV),,,Internal (DS/OUV),,Sandstone ,Internal (DS/OUV),,Sedimentary Rock,,,Black stone,Internal (DS/OUV),,,,,"Sandstone, Black ston",Internal (DS/OUV),,,,,,,,Black (for footprint stone / Padas); NA for sandstone colour,Internal (DS/OUV),,Polished (for Vajrasana),Internal (DS/OUV),,,,,,,,,Internal (DS/OUV),,,,,,,,"Sandstone: Pillars of the balustrade, Vajrasana (Diamond Throne) platform.


Black Stone: Footprint slab (Padas).


(Bricks form the main body, walls, and tower)",Internal (DS/OUV),,"Sculpted human faces, animals, decorative honeysuckle and geese motifs, chaitya niches, carved Buddha footprints",Internal (DS/OUV),,Late Gupta period brick masonry; stone carving for balustrades and relics,Internal (DS/OUV),,,,,,,,Suffered long abandonment (13th–18th century A.D.); extensively restored in the 19th century A.D. and further conserved in the late 20th century under guidance of the Archaeological Survey of India (ASI),Internal (DS/OUV),,Excellent,Internal (DS/OUV),,Yes,"ICOMOS Advisory Body Evaluation;
 Bodhgaya Temple Management Committee (BTMC), Archaeological Survey of India (ASI)"
249.0,Group of Monuments at Mahabalipuram,India,"Rock-cut cave temples (mandapas), monolithic temples (rathas), open-air bas-reliefs, and structural temples (Dravida vimana style)",Internal (DS/OUV),,"6th–9th centuries CE (Pallava period, primarily under King Narasimhavarman I Mamalla and Narasimhavarman II Rajasimha)",Internal (DS/OUV),,Pallava Dynasty / South Indian Classical,Internal (DS/OUV),,,Internal (DS/OUV),,,,,,,,,,,,,,,,,,,,,,,,,,,,,,,,,,,India,Internal (DS/OUV),,Local (carved in live bedrock),Internal (DS/OUV),,Minimal to none (In-situ carving or immediate local quarrying),,,,Internal (DS/OUV),,"Bas-relief panels, monolithic animal sculptures, carved pillars, and wall motifs",Internal (DS/OUV),,Direct rock-cut carving (monolithic) and dressed ashlar masonry blocks,Internal (DS/OUV),,,,,,,,Regular maintenance and conservation schedule by the Archaeological Survey of India (ASI); sand excavation around buried structures,,,Moderate,Internal (DS/OUV),,No,"• Rao et al. (2006) - Journal of Earth System Science


• Vora & Sundaresh - CSIR-NIO Study


• Sundaresh et al. - CSIR-NIO Marine Archaeology Study"
788.0,Early Christian Monuments of Ravenna,Italy,,,,,,,,,,,,,,,,,,,,,,,,,,,,,,,,,,,,,,,,,,,,,,,,,,,,,,,,,,,,,,,,,,,,,,,,,,,,,
241.0,Group of Monuments at Hampi,India,"Dravidian Architecture (Temples, Gopurams, Mandapas) and Indo-Islamic Architecture (Secular buildings like Queen's Bath and Elephant Stables).",Internal (DS/OUV),,"14th to 16th Century CE (Vijayanagara Empire, 1336–1565 CE; building activity spanning over 200 years).",Internal (DS/OUV),,Vijayanagara Empire (The last great Hindu Kingdom of South India).,Internal (DS/OUV),,,Internal (DS/OUV),,Granite,Internal (DS/OUV),,Igneous Rock,,,,,,,,,Local Granite / Closepet Granite,,,,,,,,,,,,,,,,,,,,,India,Internal (DS/OUV),,"Local (""constructed from local granite"", ""utilizing locally available material"")",Internal (DS/OUV),,,Internal (DS/OUV),,"Fortification walls, temple complexes, pillared halls (Mandapas), shrines, entrance towers (Gopurams), ceremonial pavilions, heavy roof slabs, stone chariot (granite ratha), stepped tanks (Pushkarani), bridges, and water channels.",Internal (DS/OUV),,"Intricately carved stone chariot (Vittala Temple), ornate decorated pillars, relief sculptures, carved entrance gopurams, and sculpted lintels/capitals.",Internal (DS/OUV),,"Post-and-lintel system, lantern-roofed construction, dry-stone masonry with paper joints (rubble core for fortification walls), brick-and-lime mortar superstructures (for Gopuras), and heavy granite roof slabs sealed with lime mortar waterproofing.",Internal (DS/OUV),,,,,,,,"Ongoing conservation and preservation by the Archaeological Survey of India (ASI) and Department of Archaeology and Museums (DAM), guided by the Integrated Management Plan (IMP) and Hampi World Heritage Area Management Authority (HWHAMA).",Internal (DS/OUV),,Good,,,,Official ICOMOS Evaluation & UNESCO Dossier Documents
228.0,"Historic Centre of Avignon: Papal Palace, Episcopal Ensemble and Avignon Bridge",France,"Gothic, Romanesque, Baroque",Internal (DS/OUV),,12th to 14th/15th Century (1150–1377 AD),Internal (DS/OUV),,Medieval Christian Europe / Avignon Papacy,Internal (DS/OUV),,,Internal (DS/OUV),,,,,,,,,,,,,,,,,,,,,,,,,,,,,,,,,,,,,,,,,,,,"Heavy vaults, flying buttresses, arches, piers, towers (Trouillas Tower), ramparts",Internal (DS/OUV),,"Frescoes (Simone Martini, Matteo Giovanetti), carved Gothic chapels, monumental portals",Internal (DS/OUV),,,Internal (DS/OUV),,,,,,,,"20th-century restoration campaigns, fresco stabilization, structural wall rebuilding",Internal (DS/OUV),,Good,Internal (DS/OUV),,No,
395.0,"Piazza del Duomo, Pisa",Italy,"Religious Ensemble / Pisan Romanesque Architecture (Cathedral, Baptistery, Campanile/Leaning Tower, Campo Santo)",Internal (DS/OUV),,11th–14th Century (begun in 1064),Internal (DS/OUV),,Medieval Italian / Maritime Republic of Pisa,Internal (DS/OUV),,,Internal (DS/OUV),,Marble (General Mention); Carrara Marble,Internal (DS/OUV),,Metamorphic Rock,,,,,,,,,,,,,,,,,,,,,"White/Light Grey (Marble),",Internal (DS/OUV),,,,,"Carrara Quarries (Apuan Alps), San Giuliano Terme (Monti Pisani), Giglio Island Quarries",External,"Fratini, F., Rescic, S., Cuzman, O. A., & Pierattini, P. (2022). The Alteration of Giglio Island Granite: Relevance to the Conservation of Monumental Architecture. Applied Sciences, 12(9), 4588. https://doi.org/10.3390/app12094588

",Italy,Internal (DS/OUV),,Mixed (Local from Monti Pisani ~10 km; Regional from Carrara ~60 km & Giglio ~150 km),External,"Fratini, F., Rescic, S., Cuzman, O. A., & Pierattini, P. (2022). The Alteration of Giglio Island Granite: Relevance to the Conservation of Monumental Architecture. Applied Sciences, 12(9), 4588. https://doi.org/10.3390/app12094588
",~10 km (San Giuliano) to ~150 km (Giglio Island via sea/river),External,"Fratini, F., Rescic, S., Cuzman, O. A., & Pierattini, P. (2022). The Alteration of Giglio Island Granite: Relevance to the Conservation of Monumental Architecture. Applied Sciences, 12(9), 4588. https://doi.org/10.3390/app12094588
","Foundation ashlar, structural load-bearing walls, exterior arcades, columns",Internal (DS/OUV),,"Polychrome facade cladding, carved pulpits, loggias, relief panels, arches",Internal (DS/OUV),,,,,,,,,,,"Geotechnical soil extraction & counterweighting (tower stabilization), marble surface cleaning, consolidation",Internal (DS/OUV),,Good,Internal (DS/OUV),,Yes,"Fratini, F., Rescic, S., Cuzman, O. A., & Pierattini, P. (2022). The Alteration of Giglio Island Granite: Relevance to the Conservation of Monumental Architecture. Applied Sciences, 12(9), 4588. https://doi.org/10.3390/app12094588
"
827.0,"Cathedral, Torre Civica and Piazza Grande, Modena",Italy,"Cathedral, Bell Tower (""Ghirlandina""), Civic Square",Internal (DS/OUV),,1099 – 1319 AD,Internal (DS/OUV),,1099 – 1319 AD,Internal (DS/OUV),,"(i) to represent a masterpiece of human creative genius; | (ii) to exhibit an important interchange of human values, over a span of time or within a cultural area of the world, on developments in architecture or technology, monumental arts, town-planning or landscape design; | (iii) to bear a unique or at least exceptional testimony to a cultural tradition or to a civilization which is living or which has disappeared; | (iv) to be an outstanding example of a type of building, architectural or technological ensemble or landscape which illustrates (a) significant stage(s) in human history;",Internal (DS/OUV),,Ancient Roman stones ,,,,,,,,,,,,,,,,,,,,,,,,,,,,,,Reused ancient Roman architectural remains (Mutina ruins),Internal (DS/OUV),,Italy,Internal (DS/OUV),,Local reuse (spolia from ancient Roman sites in Modena),Internal (DS/OUV),,,,,,,,"Relief sculptures (Wiligelmo), exterior wall reliefs, internal capitals, metopes",Internal (DS/OUV),,Ashlar stone cladding over brick/masonry core; Roman stone reuse,Internal (DS/OUV),,"Stone deterioration, environmental pollution, micro-cracks from seismic shaking",Internal (DS/OUV),,Replacement of eight original metopes with copies (originals moved to museum),Internal (DS/OUV),,"Post-WWII conservative restoration, 1950s crypt restoration, 1970s–1980s stone deterioration repairs, post-1996 and 2012 seismic interventions",Internal (DS/OUV),,Excellent,Internal (DS/OUV),,No,UNESCO Dossier & ICOMOS Document Links
364.0,Great Zimbabwe National Monument,Zimbabwe,"Dry-stone monumental masonry architecture (Hill Ruins, Great Enclosure, Valley Ruins, Conical Tower, Enclosure Walls)",Internal (DS/OUV),,1100 to 1450 AD (11th to 15th centuries AD),Internal (DS/OUV),,Bantu / Shona civilization (Iron Age),Internal (DS/OUV),,,Internal (DS/OUV),,Granite,Internal (DS/OUV),,Igneous Rock,,,Soapstone / Steatite (used for upright posts and carved Zimbabwe Birds); Granitic sand and clay mixture (Daga),Internal (DS/OUV),,"Daga (traditional mixture of clay and granitic sand used for bricks, huts, and floors)",Internal (DS/OUV),,Biotite Granite / Talc-schist (Steatite),External,https://www.iccrom.org/sites/default/files/publications/2019-11/iccrom_ics04_zimbabwe_en.pdf,,,,,,,,,,,,,,,,Local granite hill outcrops and naturally exfoliated granite spalls surrounding the Great Zimbabwe site,Internal (DS/OUV),,Zimbabwe,Internal (DS/OUV),,Local (Granite obtained directly at the site; Steatite sourced regionally within Zimbabwe),Internal (DS/OUV),,,,,"Enclosure perimeter walls, Conical Tower, passageways, foundations, and lintels",Internal (DS/OUV),,"Chevron pattern, chequered wall decorations, carved upright ritual posts, and soapstone bird figurines",Internal (DS/OUV),,"Dry stone masonry without mortar, laid in regular horizontal courses using split/dressed granite blocks",Internal (DS/OUV),,"Temperature fluctuations, soil moisture variations, and invasive vegetation encroachment (Lantana camara)",Internal (DS/OUV),,,,,"Dry-stone wall collapse monitoring, vegetation control, and structural stabilization under the National Museums and Monuments of Zimbabwe (NMMZ)",Internal (DS/OUV),,Good,,,Yes,"ICOMOS Advisory Body Evaluation, ICCROM Preservation Study, MDPI Heritage & Sustainability Article"
442.0,Monticello and the University of Virginia in Charlottesville,United States of America,Neoclassical / Classical Antiquity,Internal (DS/OUV),,Monticello: 1769–1809; Academical Village: 1817–1828,Internal (DS/OUV),,Early American Republic / United States,Internal (DS/OUV),,,Internal (DS/OUV),,,,,,,,,,,,,,,,,,,,,,,,,,,,,,,,,,,,,,,,,,,,"Doric columns, porticos, dome, floor supports (steel beams added)",Internal (DS/OUV),,"Cornices, friezes, classical orders, interior décor",Internal (DS/OUV),,,,,,,,,,,Steel beam floor insertion (mid-20th century); Rotunda interior reconstruction in 1970s following 1895 fire,,,Excellent,Internal (DS/OUV),,No,ICOMOS Advisory Body Evaluation Document
451.0,Old Town of Galle and its Fortifications,Sri Lanka,Fortified city / Urban ensemble,Internal (DS/OUV),,16th to 19th centuries (Height of development: 18th century),Internal (DS/OUV),,"Portuguese, Dutch, and British Colonial (with South Asian integration)",Internal (DS/OUV),,,Internal (DS/OUV),,"Coral, Granite, and Cherts / Coral rag / Laterite",,,Igneous Rock,,,"Brick, Lime mortar, Sandstone",Internal (DS/OUV),,"Coral rag, Kabook (Local Sri Lankan name for Laterite)",Internal (DS/OUV),,,,,,,,,,,,,,,,,,,,Local coastal reefs (Coral); Local promontory outcrops and inland quarries (Granite/Laterite),Internal (DS/OUV),,Sri Lanka,Internal (DS/OUV),,Local,Internal (DS/OUV),,Short distance / In-situ (Immediate promontory and surrounding coast),Internal (DS/OUV),,"Ramparts, Bastions, Underground drainage system, Foundation, Wall masonry",Internal (DS/OUV),,"Veranda columns, Facades, Public and administrative building elements",Internal (DS/OUV),,Ashlar and rubble core masonry using coral and granite bound with lime mortar,Internal (DS/OUV),,"Marine bio-erosion, Salt crystallization, Moisture/humidity weathering",Internal (DS/OUV),,"Locally sourced coral lime mortar, matching local granite/coral blocks",Internal (DS/OUV),,Ongoing conservation managed by the Galle Heritage Foundation and Department of Archaeology,Internal (DS/OUV),,Good,,,Yes,"ICOMOS Evaluation Report (1988); 
Antiquities Ordinance of Sri Lanka (1948, rev. 1998)"
232.0,"Humayun's Tomb, Delhi",India,Garden-Tomb / Dynastic Mausoleum (Mughal / Indo-Islamic Architecture),Internal (DS/OUV),,1560s–1570 (1562 to 1571 CE),Internal (DS/OUV),,Mughal Empire,Internal (DS/OUV),,"(ii) to exhibit an important interchange of human values, over a span of time or within a cultural area of the world, on developments in architecture or technology, monumental arts, town-planning or landscape design; | (iv) to be an outstanding example of a type of building, architectural or technological ensemble or landscape which illustrates (a) significant stage(s) in human history;",Internal (DS/OUV),,"Red Sandstone, White Marble",Internal (DS/OUV),,Sedimentary Rock,,,Black Marble (used for inlay/borders),Internal (DS/OUV),,Delhi Quartzite (used in core/structural masonry underpinning red sandstone cladding),External,Peer-Reviewed Literature / ASI Conservation Reports,,,,,,,,,,"Red, White, Black",Internal (DS/OUV),,,,,,,,,,,,Internal (DS/OUV),,,,,,,,"High terraced platform with vaulted cells, core masonry walls, double dome superstructure",Internal (DS/OUV),,"Cladding in red sandstone, white marble double-dome, black and white marble inlaid borders, stone screens (jalis), glazed ceramic tiles on chhatris",Internal (DS/OUV),,"Dressed stone masonry with ashlar cladding, tie-bars, and lime mortar joining; marble inlay (Pietra Dura precursor)",Internal (DS/OUV),,,,,Traditional red sandstone and white marble matching original quarry characteristics,Internal (DS/OUV),,"Removal of 20th-century cement/concrete layers and replacement with traditional lime mortar, lime concrete, and reset original stone paving (AKTC / ASI Project)",Internal (DS/OUV),,Good,Internal (DS/OUV),,Yes,"ICOMOS Evaluation, Aga Khan Trust for Culture (AKTC) Conservation Reports, 
Peer-Reviewed Scientific Studies (Lowry, 1986; Naik et al., 2024; Kumar, 2026)"
758.0,Millenary Benedictine Abbey of Pannonhalma and its Natural Environment,Hungary,"Monastic complex (Abbey, Basilica/Church, Cloister, Crypt, Refectory, Chapel, Millennium Monument, Library)",Internal (DS/OUV),,"Monastic complex (Abbey, Basilica/Church, Cloister, Crypt, Refectory, Chapel, Millennium Monument, Library)",Internal (DS/OUV),,Medieval & Early Modern European / Hungarian Christian (Benedictine Monasticism),Internal (DS/OUV),,,Internal (DS/OUV),,"Red Marble, Limestone, Brick",Internal (DS/OUV),,Metamorphic Rock,,,,,,,,,,,,,,,,,,"Red / Reddish, Grey/White (Limestone)",Internal (DS/OUV),,,,,,,,Gerecse Mountains quarries (Tardos area),External,,Hungary,External,,Regional / Domestic (Carpathian Basin),External,,~50–80 km (Gerecse to Pannonhalma),External,,"Walls, foundations, piers, arches, vaults, Millennium Monument core structure",Internal (DS/OUV),,"Porta Speciosa facing, decorative small columns, sculptured cloister stones, portico columns (Ionic), tympanum relief",Internal (DS/OUV),,"Ashlar masonry, carved decorative stonework",Internal (DS/OUV),,Severe deterioration (noted specifically on the 26m dome/drum of the Millennium Monument),Internal (DS/OUV),,,,,Dome removal (1937–38); 1960s cloister excavations/restorations; Romantic style restoration (1865); 20th-century conservation phases,Internal (DS/OUV),,Good,Internal (DS/OUV),,Yes,"Archaeometriai Műhely Journal (Bernadett, 2024)"
389.0,Studenica Monastery,Serbia,Monastic complex; Raška School of eastern medieval church architecture blending Romanesque (exterior) and Byzantine (interior/frescoes) styles. Single-nave domed churches.,Internal (DS/OUV),,Late 12th century (established ~1183–1196 by Stefan Nemanja); King’s Church added in 1314,Internal (DS/OUV),,Medieval Serbian State / Serbian Orthodox Church (Nemanjić Dynasty).,Internal (DS/OUV),,,Internal (DS/OUV),,White Marble,Internal (DS/OUV),,Metamorphic Rock,,,,,,Studenica Marble (Studenički mermer),External,"Debljović Ristić, N., Šekularac, N., Mijović, D., & Ivanović Šekularac, J. (2019). Studenica Marble: Significance, Use, Conservation. Sustainability, 11(14), 3916. https://doi.org/10.3390/su11143916",,,,,,,,,,White / Light Grey,Internal (DS/OUV),,,,,,,,Quarries located in the immediate protected surrounding zone near the monastery (along the Studenica/Radočelo mountain area),Internal (DS/OUV),,Serbia,Internal (DS/OUV),,Local,Internal (DS/OUV),,Short / Local transport (within a few kilometers of the complex),Internal (DS/OUV),,"Load-bearing exterior walls, portals, window openings (biforas/triforas), and structural masonry of the Church of the Virgin",Internal (DS/OUV),,"Sculpted relief portals, decorative capitals, cornices, and window frames",Internal (DS/OUV),,Ashlar masonry (polished white marble blocks precisely cut and fitted in Romanesque style),Internal (DS/OUV),,"Environmental pressure, surface weathering, and water accumulation/moisture near the monastery walls",Internal (DS/OUV),,Matching local marble used during conservation projects following historical research,Internal (DS/OUV),,Ongoing conservation and archaeological investigations; major restoration in the exonarthex of the Church of the Virgin using traditional materials and techniques,Internal (DS/OUV),,Good,Internal (DS/OUV),,Yes,"1. ICOMOS Advisory Body Evaluation (1986)
2. Debljović Ristić et al. (2019) Studenica Marble: Significance, Use, Conservation, Sustainability
3. Petrović et al. (2025) Geotourism Based on Geoheritage as a Basis for Sustainable Development of Golija Nature Park, Land 1 "
1648.0,Sudanese style mosques in northern Côte d’Ivoire,Côte d'Ivoire,Sudanese-style mosque architecture,Internal (DS/OUV),,Originated 12th–14th centuries (Djenné); spread 15th century; surviving mosques built mainly between the 17th and 19th centuries,Internal (DS/OUV),,Islamic / Mandinka (Mande) and local indigenous Gur communities,Internal (DS/OUV),,,Internal (DS/OUV),,"Adobe (earthen blocks / cob), Wood (toron frameworks)",Internal (DS/OUV),,,Internal (DS/OUV),,,,,,,,"Clay, silt, organic temper, and localized lateritic earth",Internal (DS/OUV),,,,,,,,"Earth tones (brownish-yellow, tan, reddish-brown earthen plaster)",Internal (DS/OUV),,Smooth to coarse earthen plaster finish,Internal (DS/OUV),,,,,,,,Côte d'Ivoire,Internal (DS/OUV),,Local,Internal (DS/OUV),,Immediate vicinity / Local,Internal (DS/OUV),,"Load-bearing walls, vertical buttresses, massive pilasters, truncated pyramid minarets, qibla towers, roof support",Internal (DS/OUV),,"Projecting wooden poles (torons), pottery or ostrich egg finials topping buttresses and minarets, mitres crowning roof",Internal (DS/OUV),,"Cob (bousillage) and adobe (earthen brick) masonry layered with earthen plaster, reinforced with timber scaffolding (torons)",Internal (DS/OUV),,"Erosion and degradation caused by humid climatic conditions, intense rain, urbanization, and population growth",Internal (DS/OUV),,"Earth, timber, and traditional clay plasters (Reversible modern materials used in recent interventions need replacement with traditional adobe/cob)",Internal (DS/OUV),,"Regular community-led maintenance, re-plastering by traditional masons, local grassroots management committees",Internal (DS/OUV),,Poor,Internal (DS/OUV),,Yes,"Advisory Body Evaluation (ICOMOS), Decree No. 2020-121, Law No. 87-806, Law No. 98-750"
288.0,Castles of Augustusburg and Falkenlust at Brühl,Germany,"Palatial ensemble comprising a 18th-century Rococo residence (Augustusburg Palace), a hunting lodge (Falkenlust), adjoining orangeries, and French-style gardens.",,,,,,,,,,,,,,,,,,,,,,,,,,,,,,,,,,,,,,,,,,,,,,,,,,,,,,,,,,,,,,,,,,,,,,,,,,,,
535.0,"Collegiate Church, Castle and Old Town of Quedlinburg",Germany,"Romanesque basilica (Collegiate Church of St. Servatius), Renaissance/Baroque castle residence, and timber-framed urban vernacular buildings (Fachwerk).",Internal (DS/OUV),,Founded 10th century (922–936 AD); current Romanesque church built 1070–1129 AD; timber-framed houses span the 16th–17th centuries.,Internal (DS/OUV),,Ottonian Empire / Holy Roman Empire / Medieval German State.,Internal (DS/OUV),,,Internal (DS/OUV),,,,,,,,,,,,,,,,,,,,,,,,,,,,,,,,,,,,,,,,,,,,,,,,,,,,,,,,,,,,,,,,,,
1025.0,"Villa d'Este, Tivoli",Italy,"Palace and water garden (Grottoes, fountains, ornamental basins)",Internal (DS/OUV),,16th Century (Laid out in 1550s; works began around 1560),Internal (DS/OUV),,Italian Renaissance / Mannerist / Baroque elements,Internal (DS/OUV),,,Internal (DS/OUV),,,,,,,,Volcanic Tuff / Stucco (Jet noted in automated classification),Internal (DS/OUV),,,,,,,,,,,,,,,,,,,,,,,,,,,,,,,,,,,"Main body of the palace, stair ramps, retaining walls, terrace foundations",Internal (DS/OUV),,"Fountains (e.g., Fontana del Bicchierone), grottoes, balustrades, ornamental basins",Internal (DS/OUV),,,,,Rapid deterioration of decorations/fountains due to micro-climatic conditions and continuous water contact,Internal (DS/OUV),,,,,Methodical mural and fountain restorations per the Venice Charter,Internal (DS/OUV),,Excellent,,,No,"- UNESCO Dossier & OUV Statement


- ISPRA Travertines of Central Italy


- Centroni, A. (2008). Villa d'Este a Tivoli: quattro secoli di storia e restauri"
171.0,Fort and Shalamar Gardens in Lahore,Pakistan,Fortified Palace & Water Garden Enclosure Complex,Internal (DS/OUV),,16th – 17th Century (Akbar 1542–1605 through Shah Jahan 1627–1658; Shalamar Gardens completed 1641–1642),Internal (DS/OUV),,Mughal Empire,Internal (DS/OUV),,,Internal (DS/OUV),,"Red Sandstone, White Marble",Internal (DS/OUV),,Sedimentary Rock,,,"Semi-precious stones (pietra dura / inlay), Glass mosaics, Gilt",Internal (DS/OUV),,,,,,,,,,,,,,"Red/Terracotta (Sandstone); Pure White, Milky White, Grey/Pink Streaked (Marble)",Internal (DS/OUV),,,,,,,,,,,,,,,,,,,,"Baked brick masonry core with red sandstone courses, enclosing walls, gateways, bastions, and supporting pillars/pavilions",Internal (DS/OUV),,"Luxurious marble palaces, screens, inlay of semi-precious stones (pietra dura), glass mosaics (Shish Mahal), gilt, and zoomorphic corbels",Internal (DS/OUV),,"Ashlar stone cladding over baked brick, carved stone lattice (jaali) screens, corbelled brackets, and stone inlay/pietra dura",Internal (DS/OUV),,"Deterioration of hydraulic systems, moisture-induced micro-cracking, thermo-hygric expansion/bowing in marble, atmospheric pollution decay",Internal (DS/OUV),,Traditional lime mortar and matching red sandstone/marble matching historical composition during controlled restoration,Internal (DS/OUV),,Traditional lime mortar and matching red sandstone/marble matching historical composition during controlled restoration,Internal (DS/OUV),,Moderate,,,Yes,"1. Makrana Marble: A Popular Heritage Stone Resource
2. The Art of Pietra-dura during the 17th Century Mughal Era
3. Conservation Challenges and Emerging Trends in Pakistan"
1103.0,Mausoleum of Khoja Ahmed Yasawi,Kazakhstan,Multifunctional structure of the khanaqa type (combines a mausoleum and a mosque),Internal (DS/OUV),,1389–1405 (Timurid period),Internal (DS/OUV),,Timurid Empire / Central Asian Islamic Civilization,Internal (DS/OUV),,,Internal (DS/OUV),,,Internal (DS/OUV),,,,,Alabaster (muqarnas stalactites); Gypsum plaster,Internal (DS/OUV),,,,,Gypsum / Alabaster (Hydrous calcium sulfate),,,,,,,,,White/Off-white (Alabaster/Gypsum plaster); Green (glazed tiles),Internal (DS/OUV),,Fine-grained (Alabaster/Gypsum),Internal (DS/OUV),,"Gypsum, Carbonates, nitrates, sulfates, chlorides (in salt efflorescence)",External,https://vestnik.kazgasa.kz/frontend/web/uploads/personal-documents/1694774149_nhRmhd.pdf,,,,,,,Local clay for fired bricks; Persian master craft influence for decorative techniques,Internal (DS/OUV),,,Internal (DS/OUV),,"Vaults, domes (conic-spherical dome), walls, arches, drums",Internal (DS/OUV),,"Alabaster stalactites (muqarnas) in dome intrados, glazed tile facing, inscriptions (Kufic and Suls)",Internal (DS/OUV),,Fired brick masonry with plaster carving and glazed tile revetments,Internal (DS/OUV),,"Deterioration from rising damp, salt efflorescence (nitrates, chlorides, sulfates, carbonates), and high water table",Internal (DS/OUV),,,,,"Rebuilding of northern citadel wall in 1970s; ongoing conservation projects under ""Kazrestavratziya""",Internal (DS/OUV),,Moderate,Internal (DS/OUV),,No,"1: Sainova, G. А., Аubakirov, N. P., Аkbasova, А. D., Yuldashbek, D. H., & Sunakbaeva, D. K. (2023). The Influence of Salt Deposits on the Preservation of the Historical and Architectural Monument of the Mausoleum of Khoja Ahmed Yasawi.

2: Valentinovna, M. A. Islamic architecture of Iran in the era of Timur and Timurids: specificity of the artistic image."
373.0,"Stonehenge, Avebury and Associated Sites",United Kingdom of Great Britain and Northern Ireland,"Megalithic stone circles, henges, barrows, avenues, and earthen earthworks/mounds.",Internal (DS/OUV),,Circa 3700 BC – 1600 BC (Neolithic to Early Bronze Age); focal stone circle built ~2500 BC.,Internal (DS/OUV),,Prehistoric Britain (Neolithic and Bronze Age societies).,Internal (DS/OUV),,,Internal (DS/OUV),,"Wiltshire Sarsen Sandstone and Bluestone (dolerite, rhyolite, tuffs)",Internal (DS/OUV),,Sedimentary Rock,,,"Chalk (used in earthworks/mounds like Silbury Hill), Altar Stone (Metasandstone), Quartz veins, packing stones",Internal (DS/OUV),,"Sarsen (Silcrete), Chalk",,,,,,,,,,,,,,,,,,,,,,,,United Kingdom (England & Wales),Internal (DS/OUV),,"Sarsens: Local/Regional (~25 km).
Bluestones: Imported (~200–240 km).",External,"Nash, D. J., Ciborowski, T. J. R., Ullyott, J. S., Pearson, M. P., Darvill, T., Greaney, S., Maniatis, G., & Whitaker, K. A. (2020). Origins of the sarsen megaliths at Stonehenge. Science Advances, 6(31), eabc0133. https://doi.org/10.1126/sciadv.abc0133",~25 km for Sarsens; up to 240 km for Bluestones.,Internal (DS/OUV),,"Standing megalithic uprights, horizontal lintels, central trilithons, inner/outer concentric circles, horseshoe arrangements, packing stones.",Internal (DS/OUV),,Unique surface shaping/dressing of megalithic stones; intentional arrangement of bluestone contrast.,Internal (DS/OUV),,"Mortise-and-tenon jointing, tongue-and-groove lintel capping, dressed/shaped megaliths.",Internal (DS/OUV),,"Weathering from surface erosion, natural environmental exposure, animal burrowing, and historic visitor traffic.",Internal (DS/OUV),,,,,"Early to mid-20th-century interventions involving excavation, re-erection of fallen or buried stones to their original positions, and modern site consolidation.",,,Good,Internal (DS/OUV),,Yes,"1. Nash et al., 2020 - Science Advances


2. Parker Pearson et al., 2015 - Antiquity


3. Whitaker, 2019 - Oxford Journal of Archaeology


4. Lott, 2013 - Quarterly Journal of Engineering Geology and Hydrogeology"
677.0,Baroque Churches of the Philippines,Philippines,Earthquake Baroque / Fortress Baroque (Peripheral Baroque),Internal (DS/OUV),,"16th – 18th centuries (Spanish Colonial Period)
",Internal (DS/OUV),,"Spanish Colonial Philippines (fusion of Spanish/European, Chinese, and native Philippine traditions)",Internal (DS/OUV),,,Internal (DS/OUV),,"Tuff (e.g., volcanic tuff/adobe), Coralline / Coralline Limestone, Brick",Internal (DS/OUV),,Igneous Rock,Internal (DS/OUV),,"Brick, Lime (mortar), Coral blocks",Internal (DS/OUV),,Adobe stone (volcanic tuff in Manila/Luzon); Coral stone / De capaza,Internal (DS/OUV),,"Volcanic Tuff, Biogenic Coralline Limestone, Clay Brick",Internal (DS/OUV),,,,,na,,,,,,"Porous, coarse-grained (coralline/tuffaceous)",,,"Calcite (limestone), Volcanic ash/feldspar/silicate minerals (tuff)",,,"Local coastal coral reefs and nearby river quarries (e.g., Meycauayan/Guadalupe tuff quarries)",External,,"Local coastal coral reefs and nearby river quarries (e.g., Meycauayan/Guadalupe tuff quarries)",Internal (DS/OUV),,Local,Internal (DS/OUV),,,,,"Load-bearing exterior walls, massive buttresses (contrafuertes), bell towers, stone barrel vaults",Internal (DS/OUV),,"High Baroque retablos (altars), volutes, pediment reliefs, carved facades, trompe-l'œil ceiling paintings",Internal (DS/OUV),,"Thick unreinforced block masonry consolidated with lime mortar
",Internal (DS/OUV),,"Environmental degradation and surface erosion due to time, tropical humidity, and salt air",,,,,,Careful governmental and tri-partite restoration using original materials to preserve integrity,,,Excellent,,,Yes,ICOMOS Advisory Body Evaluation; Presidential Decrees 260 & 375; RA 10066 (National Heritage Law)
789.0,Historic Centre of the City of Pienza,Italy,"Italian Renaissance, Late Gothic (interior of Cathedral)",Internal (DS/OUV),,Late 15th Century (began in 1459 under Pope Pius II),Internal (DS/OUV),,Italian Renaissance / Western Christian,Internal (DS/OUV),,,Internal (DS/OUV),,Travertine,,,Sedimentary Rock,,,,,,,,,,,,,,,,,,,,,,,, NA,,,,,,,,,,,,,,,"Load-bearing walls, columns, bell tower foundation, framing",Internal (DS/OUV),,"Herringbone square paving, facade details, capitals, mouldings",Internal (DS/OUV),,"Ashlar masonry, carved stone framing, herringbone paving",Internal (DS/OUV),,,,,,,,Programs ongoing since early 20th century in accordance with Restoration Charters,Internal (DS/OUV),,Good,Internal (DS/OUV),,Yes,
