Index,Site ID,Site Name,Country,Architecture Type,Construction Period,Civilization,UNESCO Criteria,Major Stone,Secondary Stone,Local Stone Name,Lithology,Geological Age,Formation,Colour,Texture,Minerals,Quarry,Quarry Country,Local vs Imported,Transport Distance,Structural Use,Decorative Use,Masonry Technique,Weathering,Replacement Stone,Restoration,Condition,GHSR,Heritage Stone Candidate,Geoheritage Value,UNESCO Mention,Wikipedia Mention,Research Papers,Confidence Score
1,228,"Historic Centre of Avignon: Papal Palace, Episcopal Ensemble and Avignon Bridge",France,,,,(i)(ii)(iv),,,,,,,,,,,,,,,,,,,,,,,,,,,
2,232,"Humayun's Tomb, Delhi",India,,,,(ii)(iv),,,,,,,,,,,,,,,,,,,,,,,,,,,
3,1645,Dholavira: a Harappan City,India,,,,(iii)(iv),,,,,,,,,,,,,,,,,,,,,,,,,,,
4,567,Tiwanaku: Spiritual and Political Centre of the Tiwanaku Culture,Bolivia (Plurinational State of),,,,(iii)(iv),,,,,,,,,,,,,,,,,,,,,,,,,,,
5,252,Taj Mahal,India,Indo-Islamic sepulchral architecture,1632 AD - 1653 AD (Main mausoleum completed 1648 AD),Mughal Empire,(i) to represent a masterpiece of human creative genius;,White Marble,Red Sandstone,Makrana Marble (Note: This is historically accurate but missing from the official UNESCO text),Sedimentary (Quartzarenite),proterozoic,Vindhyan Supergroup,Pure white with greyish veins,Fine to medium-grained,"Calcite (chiefly), with minor quartz and mica","Makrana, Rajasthan",india,Imported,~300 km (from Makrana quarries to Agra),"Main tomb structure, minarets, platforms, domes, and wall veneering.","Exquisite octagonal marble lattice screens, pietra dura stone intarsia inlay (using precious/semi-precious stones), floral relief motifs, and Arabic calligraphic inscriptions.",Brick-in-lime mortar core veneered with dressed stone slices.,,,,,,,,No,,,
6,174,Historic Centre of Florence,Italy,,,,(i)(ii)(iii)(iv)(vi),,,,,,,,,,,,,,,,,,,,,,,,,,,
7,132,Megalithic Temples of Malta,Malta,,,,(iv),,,,,,,,,,,,,,,,,,,,,,,,,,,
8,171,Fort and Shalamar Gardens in Lahore,Pakistan,,,,(i)(ii)(iii),,,,,,,,,,,,,,,,,,,,,,,,,,,
9,173,Stone Town of Zanzibar,United Republic of Tanzania,,,,(ii)(iii)(vi),,,,,,,,,,,,,,,,,,,,,,,,,,,
10,736,Seokguram Grotto and Bulguksa Temple,Republic of Korea,,,,(i)(iv),,,,,,,,,,,,,,,,,,,,,,,,,,,
11,788,Early Christian Monuments of Ravenna,Italy,,,,(i)(ii)(iii)(iv),,,,,,,,,,,,,,,,,,,,,,,,,,,
12,1016,Historical Centre of the City of Arequipa,Peru,,,,(i)(iv),,,,,,,,,,,,,,,,,,,,,,,,,,,
13,524,Buddhist Monuments at Sanchi,India,,,,(i)(ii)(iii)(iv)(vi),,,,,,,,,,,,,,,,,,,,,,,,,,,
14,395,"Piazza del Duomo, Pisa",Italy,,,,(i)(ii)(iv)(vi),,,,,,,,,,,,,,,,,,,,,,,,,,,
15,535,"Collegiate Church, Castle and Old Town of Quedlinburg",Germany,,,,(iv),,,,,,,,,,,,,,,,,,,,,,,,,,,
16,326,Petra,Jordan,,,,(i)(iii)(iv),,,,,,,,,,,,,,,,,,,,,,,,,,,
17,677,Baroque Churches of the Philippines,Philippines,,,,(ii)(iv),,,,,,,,,,,,,,,,,,,,,,,,,,,
18,364,Great Zimbabwe National Monument,Zimbabwe,,,,(i)(iii)(vi),,,,,,,,,,,,,,,,,,,,,,,,,,,
19,373,"Stonehenge, Avebury and Associated Sites",United Kingdom of Great Britain and Northern Ireland,,,,(i)(ii)(iii),,,,,,,,,,,,,,,,,,,,,,,,,,,
20,255,Fatehpur Sikri,India,,,,(ii)(iii)(iv),,,,,,,,,,,,,,,,,,,,,,,,,,,
21,857,"La Grand-Place, Brussels",Belgium,,,,(ii)(iv),,,,,,,,,,,,,,,,,,,,,,,,,,,
22,367,"Roman Monuments, Cathedral of St Peter and Church of Our Lady in Trier",Germany,,,,(i)(iii)(iv)(vi),,,,,,,,,,,,,,,,,,,,,,,,,,,
23,1056,Mahabodhi Temple Complex at Bodh Gaya,India,,,,(i)(ii)(iii)(iv)(vi),,,,,,,,,,,,,,,,,,,,,,,,,,,
24,545,"Kremlin and Red Square, Moscow",Russian Federation,,,,(i)(ii)(iv)(vi),,,,,,,,,,,,,,,,,,,,,,,,,,,
25,907,Villa Adriana (Tivoli),Italy,,,,(i)(ii)(iii),,,,,,,,,,,,,,,,,,,,,,,,,,,
26,782,La Lonja de la Seda de Valencia,Spain,,,,(i)(i)(v),,,,,,,,,,,,,,,,,,,,,,,,,,,
27,91,"Historic Centre of Rome, the Properties of the Holy See in that City Enjoying Extraterritorial Rights and San Paolo Fuori le Mura","Holy See,Italy",,,,(i)(ii)(iii)(iv)(vi),,,,,,,,,,,,,,,,,,,,,,,,,,,
28,130,Ħal Saflieni Hypogeum,Malta,,,,(iii),,,,,,,,,,,,,,,,,,,,,,,,,,,
29,809,Episcopal Complex of the Euphrasian Basilica in the Historic Centre of Poreč,Croatia,,,,(ii)(iii)(iv),,,,,,,,,,,,,,,,,,,,,,,,,,,
30,540,Historic Centre of Saint Petersburg and Related Groups of Monuments,Russian Federation,,,,(i)(ii)(iv)(vi),,,,,,,,,,,,,,,,,,,,,,,,,,,
31,789,Historic Centre of the City of Pienza,Italy,,,,(i)(ii)(iv),,,,,,,,,,,,,,,,,,,,,,,,,,,
32,549,"18th-Century Royal Palace at Caserta with the Park, the Aqueduct of Vanvitelli, and the San Leucio Complex",Italy,,,,(i)(ii)(iii)(iv),,,,,,,,,,,,,,,,,,,,,,,,,,,
33,833,Su Nuraxi di Barumini,Italy,,,,(i)(iii)(iv),,,,,,,,,,,,,,,,,,,,,,,,,,,
34,1625,Cordouan Lighthouse,France,,,,(i)(iv),,,,,,,,,,,,,,,,,,,,,,,,,,,
35,451,Old Town of Galle and its Fortifications,Sri Lanka,,,,(iv),,,,,,,,,,,,,,,,,,,,,,,,,,,
36,726,Historic Centre of Naples,Italy,,,,(ii)(iv),,,,,,,,,,,,,,,,,,,,,,,,,,,
37,596,Villages with Fortified Churches in Transylvania,Romania,,,,(iv),,,,,,,,,,,,,,,,,,,,,,,,,,,
38,288,Castles of Augustusburg and Falkenlust at Brühl,Germany,,,,(ii)(iv),,,,,,,,,,,,,,,,,,,,,,,,,,,
39,1605,"Jaipur City, Rajasthan",India,,,,(ii)(iv)(vi),,,,,,,,,,,,,,,,,,,,,,,,,,,
40,1005,Major Town Houses of the Architect Victor Horta (Brussels),Belgium,,,,(i)(ii)(iv),,,,,,,,,,,,,,,,,,,,,,,,,,,
41,426,Palace of Westminster and Westminster Abbey including Saint Margaret’s Church,United Kingdom of Great Britain and Northern Ireland,,,,(i)(ii)(iv),,,,,,,,,,,,,,,,,,,,,,,,,,,
42,241,Group of Monuments at Hampi,India,,,,(i)(iii)(iv),,,,,,,,,,,,,,,,,,,,,,,,,,,
43,983,"Historic Town of St George and Related Fortifications, Bermuda",United Kingdom of Great Britain and Northern Ireland,,,,(iv),,,,,,,,,,,,,,,,,,,,,,,,,,,
44,758,Millenary Benedictine Abbey of Pannonhalma and its Natural Environment,Hungary,,,,(iv)(vi),,,,,,,,,,,,,,,,,,,,,,,,,,,
45,1033,Historic Centre of Vienna,Austria,,,,(ii)(iv)(vi),,,,,,,,,,,,,,,,,,,,,,,,,,,
46,665,Royal Monastery of Santa María de Guadalupe,Spain,,,,(iv)(vi),,,,,,,,,,,,,,,,,,,,,,,,,,,
47,821,Historic Centre of São Luís,Brazil,,,,(iii)(iv)(v),,,,,,,,,,,,,,,,,,,,,,,,,,,
48,945,Chhatrapati Shivaji Terminus (formerly Victoria Terminus),India,,,,(ii)(iv),,,,,,,,,,,,,,,,,,,,,,,,,,,
49,3,Aachen Cathedral,Germany,,,,(i)(ii)(iv)(vi),,,,,,,,,,,,,,,,,,,,,,,,,,,
50,633,White Monuments of Vladimir and Suzdal,Russian Federation,,,,(i)(ii)(iv),,,,,,,,,,,,,,,,,,,,,,,,,,,
51,1103,Mausoleum of Khoja Ahmed Yasawi,Kazakhstan,,,,(i)(iii)(iv),,,,,,,,,,,,,,,,,,,,,,,,,,,
52,389,Studenica Monastery,Serbia,,,,(i)(ii)(iv)(vi),,,,,,,,,,,,,,,,,,,,,,,,,,,
53,550,Historic Centre of San Gimignano,Italy,,,,(i)(iii)(iv),,,,,,,,,,,,,,,,,,,,,,,,,,,
54,527,"Kyiv: Saint-Sophia Cathedral and Related Monastic Buildings, Kyiv-Pechersk Lavra",Ukraine,,,,(i)(ii)(iii)(iv),,,,,,,,,,,,,,,,,,,,,,,,,,,
55,124,Historic Town of Ouro Preto,Brazil,,,,(i)(iii),,,,,,,,,,,,,,,,,,,,,,,,,,,
56,233,"Qutb Minar and its Monuments, Delhi",India,,,,(iv),,,,,,,,,,,,,,,,,,,,,,,,,,,
57,1165,Centennial Hall in Wrocław,Poland,,,,(i)(ii)(iv),,,,,,,,,,,,,,,,,,,,,,,,,,,
58,1189,"Harar Jugol, the Fortified Historic Town",Ethiopia,,,,(ii)(iii)(iv)(v),,,,,,,,,,,,,,,,,,,,,,,,,,,
59,541,Vilnius Historic Centre,Lithuania,,,,(ii)(iv),,,,,,,,,,,,,,,,,,,,,,,,,,,
60,1376,Historic Bridgetown and its Garrison,Barbados,,,,(ii)(iii)(iv),,,,,,,,,,,,,,,,,,,,,,,,,,,
61,189,Historic Centre of the Town of Olinda,Brazil,,,,(ii)(iv),,,,,,,,,,,,,,,,,,,,,,,,,,,
62,415,Historic Centre of Oaxaca and Archaeological Site of Monte Albán,Mexico,,,,(i)(ii)(iii)(iv),,,,,,,,,,,,,,,,,,,,,,,,,,,
63,616,Historic Centre of Prague,Czechia,,,,(ii)(iv)(vi),,,,,,,,,,,,,,,,,,,,,,,,,,,
64,313,Historic Centre of Cordoba,Spain,,,,(i)(ii)(iii)(iv),,,,,,,,,,,,,,,,,,,,,,,,,,,
65,586,Rohtas Fort,Pakistan,,,,(ii)(iv),,,,,,,,,,,,,,,,,,,,,,,,,,,
66,1532,"Temple Zone of Sambor Prei Kuk, Archaeological Site of Ancient Ishanapura",Cambodia,,,,(ii)(iii)(vi),,,,,,,,,,,,,,,,,,,,,,,,,,,
67,1443,The Grand Canal,China,,,,(i)(iii)(iv)(vi),,,,,,,,,,,,,,,,,,,,,,,,,,,
68,811,Old Town of Lijiang,China,,,,(ii)(iv)(v),,,,,,,,,,,,,,,,,,,,,,,,,,,
69,500,Historic Centre of Lima,Peru,,,,(iv),,,,,,,,,,,,,,,,,,,,,,,,,,,
70,361,Historic Centre of Évora,Portugal,,,,(ii)(iv),,,,,,,,,,,,,,,,,,,,,,,,,,,
71,707,"Historic Ensemble of the Potala Palace, Lhasa",China,,,,(i)(iv)(vi),,,,,,,,,,,,,,,,,,,,,,,,,,,
72,1031,Historic Centre of Guimarães and Couros Zone,Portugal,,,,(ii)(iii)(iv),,,,,,,,,,,,,,,,,,,,,,,,,,,
73,434,"Archaeological Sites of Bat, Al-Khutm and Al-Ayn",Oman,,,,(iii)(iv),,,,,,,,,,,,,,,,,,,,,,,,,,,
74,704,Temple and Cemetery of Confucius and the Kong Family Mansion in Qufu,China,,,,(i)(iv)(vi),,,,,,,,,,,,,,,,,,,,,,,,,,,
75,456,Paleochristian and Byzantine Monuments of Thessalonika,Greece,,,,(i)(ii)(iv),,,,,,,,,,,,,,,,,,,,,,,,,,,
76,442,Monticello and the University of Virginia in Charlottesville,United States of America,,,,(i)(iv)(vi),,,,,,,,,,,,,,,,,,,,,,,,,,,
77,827,"Cathedral, Torre Civica and Piazza Grande, Modena",Italy,,,,(i)(ii)(iii)(iv),,,,,,,,,,,,,,,,,,,,,,,,,,,
78,1549,Historic Centre of Sheki with the Khan’s Palace,Azerbaijan,,,,(ii)(v),,,,,,,,,,,,,,,,,,,,,,,,,,,
79,828,Historic Centre of Urbino,Italy,,,,(ii)(iv),,,,,,,,,,,,,,,,,,,,,,,,,,,
80,428,City of Bath,United Kingdom of Great Britain and Northern Ireland,,,,(i)(ii)(iv),,,,,,,,,,,,,,,,,,,,,,,,,,,
81,942,The Historic Centre (Chorá) with the Monastery of Saint-John the Theologian and the Cave of the Apocalypse on the Island of Pátmos,Greece,,,,(iii)(iv)(vi),,,,,,,,,,,,,,,,,,,,,,,,,,,
82,537,"Monasteries of Daphni, Hosios Loukas and Nea Moni of Chios",Greece,,,,(i)(iv),,,,,,,,,,,,,,,,,,,,,,,,,,,
83,404,"Acropolis, Athens",Greece,,,,(i)(ii)(iii)(iv)(vi),,,,,,,,,,,,,,,,,,,,,,,,,,,
84,292,Cologne Cathedral,Germany,,,,(i)(ii)(iv),,,,,,,,,,,,,,,,,,,,,,,,,,,
85,277,Hatra,Iraq,,,,(ii)(iii)(iv)(vi),,,,,,,,,,,,,,,,,,,,,,,,,,,
86,374,Castles and Town Walls of King Edward in Gwynedd,United Kingdom of Great Britain and Northern Ireland,,,,(i)(iii)(iv),,,,,,,,,,,,,,,,,,,,,,,,,,,
87,1375,Santiniketan,India,,,,(iv)(vi),,,,,,,,,,,,,,,,,,,,,,,,,,,
88,1361,"Historic Jeddah, the Gate to Makkah",Saudi Arabia,,,,(ii)(iv)(vi),,,,,,,,,,,,,,,,,,,,,,,,,,,
89,747,Historic Quarter of the City of Colonia del Sacramento,Uruguay,,,,(iv),,,,,,,,,,,,,,,,,,,,,,,,,,,
90,450,Sacred City of Kandy,Sri Lanka,,,,(iv)(vi),,,,,,,,,,,,,,,,,,,,,,,,,,,
91,211,Minaret and Archaeological Remains of Jam,Afghanistan,,,,(ii)(iii)(iv),,,,,,,,,,,,,,,,,,,,,,,,,,,
92,1599,Krzemionki Prehistoric Striped Flint Mining Region,Poland,,,,(iii)(iv),,,,,,,,,,,,,,,,,,,,,,,,,,,
93,617,Historic Centre of Český Krumlov,Czechia,,,,(iv),,,,,,,,,,,,,,,,,,,,,,,,,,,
94,1011,Cathedral and Churches of Echmiatsin and the Archaeological Site of Zvartnots,Armenia,,,,(ii)(iii),,,,,,,,,,,,,,,,,,,,,,,,,,,
95,1052,Tugendhat Villa in Brno,Czechia,,,,(ii)(iv),,,,,,,,,,,,,,,,,,,,,,,,,,,
96,910,Brimstone Hill Fortress National Park,Saint Kitts and Nevis,,,,(iii)(iv),,,,,,,,,,,,,,,,,,,,,,,,,,,
97,1648,Sudanese style mosques in northern Côte d’Ivoire,Côte d'Ivoire,,,,(ii)(iv),,,,,,,,,,,,,,,,,,,,,,,,,,,
98,379,Historic City of Toledo,Spain,,,,(i)(ii)(iii)(iv),,,,,,,,,,,,,,,,,,,,,,,,,,,
99,883,Fuerte de Samaipata,Bolivia (Plurinational State of),,,,(ii)(iii),,,,,,,,,,,,,,,,,,,,,,,,,,,
100,1501,Antequera Dolmens Site,Spain,,,,(i)(iii)(i)(v),,,,,,,,,,,,,,,,,,,,,,,,,,,
101,316,Burgos Cathedral,Spain,,,,(ii)(iv)(vi),,,,,,,,,,,,,,,,,,,,,,,,,,,
102,439,Imperial Palaces of the Ming and Qing Dynasties in Beijing and Shenyang,China,,,,(i)(ii)(iii)(iv),,,,,,,,,,,,,,,,,,,,,,,,,,,
103,383,"Cathedral, Alcázar and Archivo de Indias in Seville",Spain,,,,(i)(ii)(iii)(vi),,,,,,,,,,,,,,,,,,,,,,,,,,,
104,385,Old City of Sana'a,Yemen,,,,(iv)(v)(vi),,,,,,,,,,,,,,,,,,,,,,,,,,,
105,323,Royal Palaces of Abomey,Benin,,,,(iii)(iv),,,,,,,,,,,,,,,,,,,,,,,,,,,
106,116,Old Towns of Djenné,Mali,,,,(iii)(iv),,,,,,,,,,,,,,,,,,,,,,,,,,,
107,601,"Cathedral of Notre-Dame, Former Abbey of Saint-Rémi and Palace of Tau, Reims",France,,,,(i)(ii)(vi),,,,,,,,,,,,,,,,,,,,,,,,,,,
108,660,Buddhist Monuments in the Horyu-ji Area,Japan,,,,(i)(ii)(iv)(vi),,,,,,,,,,,,,,,,,,,,,,,,,,,
109,1131,Royal Exhibition Building and Carlton Gardens,Australia,,,,(ii),,,,,,,,,,,,,,,,,,,,,,,,,,,
110,411,Pre-Hispanic City and National Park of Palenque,Mexico,,,,(i)(ii)(iii)(iv),,,,,,,,,,,,,,,,,,,,,,,,,,,
111,958,Walled City of Baku with the Shirvanshah's Palace and Maiden Tower,Azerbaijan,,,,(iv),,,,,,,,,,,,,,,,,,,,,,,,,,,
112,1487,Arab-Norman Palermo and the Cathedral Churches of Cefalú and Monreale,Italy,,,,(ii)(iv),,,,,,,,,,,,,,,,,,,,,,,,,,,
113,1211,Genoa: <i>Le Strade Nuove</i> and the system of the<i> Palazzi dei Rolli</i>,Italy,,,,(ii)(iv),,,,,,,,,,,,,,,,,,,,,,,,,,,
114,1214,Sewell Mining Town,Chile,,,,(ii),,,,,,,,,,,,,,,,,,,,,,,,,,,
115,334,Sanctuary of Bom Jesus do Congonhas,Brazil,,,,(i)(iv),,,,,,,,,,,,,,,,,,,,,,,,,,,
116,816,Changdeokgung Palace Complex,Republic of Korea,,,,(ii)(iii)(iv),,,,,,,,,,,,,,,,,,,,,,,,,,,
117,400,"Budapest, including the Banks of the Danube, the Buda Castle Quarter and Andrássy Avenue",Hungary,,,,(ii)(iv),,,,,,,,,,,,,,,,,,,,,,,,,,,
118,1551,Historic City of Ahmadabad,India,,,,(ii)(v),,,,,,,,,,,,,,,,,,,,,,,,,,,
119,1135,Capital Cities and Tombs of the Ancient Koguryo Kingdom,China,,,,(i)(ii)(iii)(iv)(v),,,,,,,,,,,,,,,,,,,,,,,,,,,
120,880,"Summer Palace, an Imperial Garden in Beijing",China,,,,(i)(ii)(iii),,,,,,,,,,,,,,,,,,,,,,,,,,,
121,517,Archaeological Site of Olympia,Greece,,,,(i)(ii)(iii)(iv)(vi),,,,,,,,,,,,,,,,,,,,,,,,,,,
122,474,Hortobágy National Park - the <i>Puszta</i>,Hungary,,,,(iv)(v),,,,,,,,,,,,,,,,,,,,,,,,,,,
123,1053,Wooden Churches of Southern Małopolska,Poland,,,,(iii)(iv),,,,,,,,,,,,,,,,,,,,,,,,,,,
124,584,Petäjävesi Old Church,Finland,,,,(iv),,,,,,,,,,,,,,,,,,,,,,,,,,,
125,392,Temple of Apollo Epicurius at Bassae,Greece,,,,(i)(ii)(iii),,,,,,,,,,,,,,,,,,,,,,,,,,,
126,1470,Naumburg Cathedral,Germany,,,,(i)(ii),,,,,,,,,,,,,,,,,,,,,,,,,,,
127,58,Urnes Stave Church,Norway,,,,(i)(ii)(iii),,,,,,,,,,,,,,,,,,,,,,,,,,,
128,867,Ir.D.F. Woudagemaal (D.F. Wouda Steam Pumping Station),Netherlands (Kingdom of the),,,,(i)(ii)(iv),,,,,,,,,,,,,,,,,,,,,,,,,,,
129,187,St Mary's Cathedral and St Michael's Church at Hildesheim,Germany,,,,(i)(ii)(iii),,,,,,,,,,,,,,,,,,,,,,,,,,,
130,787,The <I>Trulli</I> of Alberobello,Italy,,,,(iii)(iv)(v),,,,,,,,,,,,,,,,,,,,,,,,,,,
131,444,Ksar of Ait-Ben-Haddou,Morocco,,,,(iv)(v),,,,,,,,,,,,,,,,,,,,,,,,,,,
132,732,Kutná Hora: Historical Town Centre with the Church of St Barbara and the Cathedral of Our Lady at Sedlec,Czechia,,,,(ii)(iv),,,,,,,,,,,,,,,,,,,,,,,,,,,
133,939,Archaeological Monuments Zone of Xochicalco,Mexico,,,,(iii)(iv),,,,,,,,,,,,,,,,,,,,,,,,,,,
134,412,Historic Centre of Mexico City and Xochimilco,Mexico,,,,(ii)(iii)(iv)(v),,,,,,,,,,,,,,,,,,,,,,,,,,,
135,90,Abu Mena,Egypt,,,,(iv),,,,,,,,,,,,,,,,,,,,,,,,,,,
136,1730,Funerary Tradition in the Prehistory of Sardinia – <em>The domus de janas</em>,Italy,,,,(iii),,,,,,,,,,,,,,,,,,,,,,,,,,,
137,699,City of Luxembourg: its Old Quarters and Fortifications,Luxembourg,,,,(iv),,,,,,,,,,,,,,,,,,,,,,,,,,,
138,345,Historic Fortified City of Carcassonne,France,,,,(ii)(iv),,,,,,,,,,,,,,,,,,,,,,,,,,,
139,95,Old City of Dubrovnik,Croatia,,,,(i)(iii)(iv),,,,,,,,,,,,,,,,,,,,,,,,,,,
140,365,Khami Ruins National Monument,Zimbabwe,,,,(iii)(iv),,,,,,,,,,,,,,,,,,,,,,,,,,,
141,731,Hanseatic Town of Visby,Sweden,,,,(iv)(v),,,,,,,,,,,,,,,,,,,,,,,,,,,
142,1366,Selimiye Mosque and its Social Complex,Türkiye,,,,(i)(iv),,,,,,,,,,,,,,,,,,,,,,,,,,,
143,658,Coro and its Port,Venezuela (Bolivarian Republic of),,,,(iv)(v),,,,,,,,,,,,,,,,,,,,,,,,,,,
144,885,Historic Centre of Shakhrisyabz,Uzbekistan,,,,(iii)(iv),,,,,,,,,,,,,,,,,,,,,,,,,,,
145,603,Samarkand – Crossroad of Cultures,Uzbekistan,,,,(i)(ii)(iv),,,,,,,,,,,,,,,,,,,,,,,,,,,
146,890,Historic Centre of the Town of Diamantina,Brazil,,,,(ii)(iv),,,,,,,,,,,,,,,,,,,,,,,,,,,
147,370,Durham Castle and Cathedral,United Kingdom of Great Britain and Northern Ireland,,,,(ii)(iv)(vi),,,,,,,,,,,,,,,,,,,,,,,,,,,
148,1573,"Royal Building of <i>Mafra</i> – Palace, Basilica, Convent, <i>Cerco</i> Garden and Hunting Park (<i>Tapada</i>)",Portugal,,,,(iv),,,,,,,,,,,,,,,,,,,,,,,,,,,
149,862,Historic Monuments Zone of Tlacotalpan,Mexico,,,,(ii)(iv),,,,,,,,,,,,,,,,,,,,,,,,,,,
150,378,Mudejar Architecture of Aragon,Spain,,,,(iv),,,,,,,,,,,,,,,,,,,,,,,,,,,
151,1720,The Historic Town and Archaeological Site of Gedi,Kenya,,,,(ii)(iii)(iv),,,,,,,,,,,,,,,,,,,,,,,,,,,
152,852,Historic Centre of Riga,Latvia,,,,(i)(ii),,,,,,,,,,,,,,,,,,,,,,,,,,,
153,522,Renaissance Monumental Ensembles of Úbeda and Baeza,Spain,,,,(ii)(iv),,,,,,,,,,,,,,,,,,,,,,,,,,,
154,89,Historic Cairo,Egypt,,,,(i)(v)(vi),,,,,,,,,,,,,,,,,,,,,,,,,,,
155,518,Poblet Monastery,Spain,,,,(i)(iv),,,,,,,,,,,,,,,,,,,,,,,,,,,
156,859,Holy Trinity Column in Olomouc,Czechia,,,,(i)(iv),,,,,,,,,,,,,,,,,,,,,,,,,,,
157,860,Gardens and Castle at Kroměříž,Czechia,,,,(ii)(iv),,,,,,,,,,,,,,,,,,,,,,,,,,,
158,321,Historic Mosque City of Bagerhat,Bangladesh,,,,(iv),,,,,,,,,,,,,,,,,,,,,,,,,,,
159,1463,Aqueduct of Padre Tembleque Hydraulic System,Mexico,,,,(i)(ii)(iv),,,,,,,,,,,,,,,,,,,,,,,,,,,
160,621,Historic Centre of Telč,Czechia,,,,(i)(iv),,,,,,,,,,,,,,,,,,,,,,,,,,,
161,1503,Nan Madol: Ceremonial Centre of Eastern Micronesia,Micronesia (Federated States of),,,,(i)(iii)(iv)(vi),,,,,,,,,,,,,,,,,,,,,,,,,,,
162,351,Painted Churches in the Troodos Region,Cyprus,,,,(ii)(iii)(iv),,,,,,,,,,,,,,,,,,,,,,,,,,,
163,1270,Historic Centre of Camagüey,Cuba,,,,(iv)(v),,,,,,,,,,,,,,,,,,,,,,,,,,,
164,331,Medina of Marrakesh,Morocco,,,,(i)(ii)(iv)(v),,,,,,,,,,,,,,,,,,,,,,,,,,,
165,818,Mill Network at Kinderdijk-Elshout,Netherlands (Kingdom of the),,,,(i)(ii)(iv),,,,,,,,,,,,,,,,,,,,,,,,,,,
166,724,Medieval Monuments in Kosovo,Serbia,,,,(ii)(iii)(iv),,,,,,,,,,,,,,,,,,,,,,,,,,,
167,625,Mir Castle Complex,Belarus,,,,(ii)(iv),,,,,,,,,,,,,,,,,,,,,,,,,,,
168,1025,"Villa d'Este, Tivoli",Italy,,,,(i)(ii)(iii)(iv)(vi),,,,,,,,,,,,,,,,,,,,,,,,,,,
169,81,Chartres Cathedral,France,,,,(i)(ii)(iv),,,,,,,,,,,,,,,,,,,,,,,,,,,
170,963,The Cathedral of St James in Šibenik,Croatia,,,,(i)(ii)(iv),,,,,,,,,,,,,,,,,,,,,,,,,,,
171,611,Historic Town of Zabid,Yemen,,,,(ii)(iv)(vi),,,,,,,,,,,,,,,,,,,,,,,,,,,
172,1363,Prehistoric Pile Dwellings around the Alps,"Austria,France,Germany,Italy,Slovenia,Switzerland",,,,(iv)(v),,,,,,,,,,,,,,,,,,,,,,,,,,,
173,192,Old Walled City of Shibam,Yemen,,,,(iii)(iv)(v),,,,,,,,,,,,,,,,,,,,,,,,,,,
174,129,Maya Site of Copan,Honduras,,,,(iv)(vi),,,,,,,,,,,,,,,,,,,,,,,,,,,
175,286,Vatican City,Holy See,,,,(i)(ii)(iv)(vi),,,,,,,,,,,,,,,,,,,,,,,,,,,
176,1733,Minoan Palatial Centres,Greece,,,,(ii)(iii)(iv)(vi),,,,,,,,,,,,,,,,,,,,,,,,,,,
177,492,Taos Pueblo,United States of America,,,,(iv),,,,,,,,,,,,,,,,,,,,,,,,,,,
178,1633,The Slate Landscape of Northwest Wales,United Kingdom of Great Britain and Northern Ireland,,,,(ii)(iv),,,,,,,,,,,,,,,,,,,,,,,,,,,
179,1485,The Forth Bridge,United Kingdom of Great Britain and Northern Ireland,,,,(i)(iv),,,,,,,,,,,,,,,,,,,,,,,,,,,
180,1303,Pontcysyllte Aqueduct and Canal,United Kingdom of Great Britain and Northern Ireland,,,,(i)(ii)(iv),,,,,,,,,,,,,,,,,,,,,,,,,,,
181,1215,Cornwall and West Devon Mining Landscape,United Kingdom of Great Britain and Northern Ireland,,,,(ii)(iii)(iv),,,,,,,,,,,,,,,,,,,,,,,,,,,
182,271,Pilgrimage Church of Wies,Germany,,,,(i)(iii),,,,,,,,,,,,,,,,,,,,,,,,,,,
183,1379,Margravial Opera House Bayreuth,Germany,,,,(i)(iv),,,,,,,,,,,,,,,,,,,,,,,,,,,
184,169,Würzburg Residence with the Court Gardens and Residence Square,Germany,,,,(i)(iv),,,,,,,,,,,,,,,,,,,,,,,,,,,
185,623,"Mines of Rammelsberg, Historic Town of Goslar and Upper Harz Water Management System",Germany,,,,(i)(ii)(iii)(iv),,,,,,,,,,,,,,,,,,,,,,,,,,,
186,1087,Town Hall and Roland on the Marketplace of Bremen,Germany,,,,(iii)(iv)(vi),,,,,,,,,,,,,,,,,,,,,,,,,,,
187,733,"Ferrara, City of the Renaissance, and its Po Delta",Italy,,,,(ii)(iii)(iv)(v)(vi),,,,,,,,,,,,,,,,,,,,,,,,,,,
188,819,"Historic Area of Willemstad, Inner City and Harbour, Curaçao",Netherlands (Kingdom of the),,,,(ii)(iv)(v),,,,,,,,,,,,,,,,,,,,,,,,,,,
189,234,Churches and Convents of Goa,India,,,,(ii)(iv)(vi),,,,,,,,,,,,,,,,,,,,,,,,,,,
190,810,Historic City of Trogir,Croatia,,,,(ii)(iv),,,,,,,,,,,,,,,,,,,,,,,,,,,
191,759,Dutch Water Defence Lines,Netherlands (Kingdom of the),,,,(ii)(iv)(v),,,,,,,,,,,,,,,,,,,,,,,,,,,
192,273,City of Cuzco,Peru,,,,(iii)(iv),,,,,,,,,,,,,,,,,,,,,,,,,,,
193,544,Kizhi Pogost,Russian Federation,,,,(i)(iv)(v),,,,,,,,,,,,,,,,,,,,,,,,,,,
194,906,Dacian Fortresses of the Orastie Mountains,Romania,,,,(ii)(iii)(iv),,,,,,,,,,,,,,,,,,,,,,,,,,,
195,835,Medieval Town of Toruń,Poland,,,,(ii)(iv),,,,,,,,,,,,,,,,,,,,,,,,,,,
196,29,Historic Centre of Kraków,Poland,,,,(iv),,,,,,,,,,,,,,,,,,,,,,,,,,,
197,742,Historic Centre of Santa Cruz de Mompox,Colombia,,,,(iv)(v),,,,,,,,,,,,,,,,,,,,,,,,,,,
198,743,National Archeological Park of Tierradentro,Colombia,,,,(iii),,,,,,,,,,,,,,,,,,,,,,,,,,,
199,847,Castle of the Teutonic Order in Malbork,Poland,,,,(ii)(iii)(iv),,,,,,,,,,,,,,,,,,,,,,,,,,,
200,97,Historical Complex of Split with the Palace of Diocletian,Croatia,,,,(ii)(iii)(iv),,,,,,,,,,,,,,,,,,,,,,,,,,,
201,264,Monastery of Batalha,Portugal,,,,(i)(ii),,,,,,,,,,,,,,,,,,,,,,,,,,,
202,635,Bourges Cathedral,France,,,,(i)(iv),,,,,,,,,,,,,,,,,,,,,,,,,,,
203,38,Amphitheatre of El Jem,Tunisia,,,,(iv)(vi),,,,,,,,,,,,,,,,,,,,,,,,,,,
204,332,Punic Town of Kerkuane and its Necropolis,Tunisia,,,,(iii),,,,,,,,,,,,,,,,,,,,,,,,,,,
205,710,Gelati Monastery,Georgia,,,,(iv),,,,,,,,,,,,,,,,,,,,,,,,,,,
206,832,Villa Romana del Casale,Italy,,,,(i)(ii)(iii),,,,,,,,,,,,,,,,,,,,,,,,,,,
207,1635,"Nice, Winter Resort Town of the Riviera",France,,,,(ii),,,,,,,,,,,,,,,,,,,,,,,,,,,
208,871,Naval Port of Karlskrona,Sweden,,,,(ii)(iv),,,,,,,,,,,,,,,,,,,,,,,,,,,
209,823,Residences of the Royal House of Savoy,Italy,,,,(i)(ii)(iv)(v),,,,,,,,,,,,,,,,,,,,,,,,,,,
210,829,"Archaeological Areas of Pompei, Herculaneum and Torre Annunziata",Italy,,,,(iii)(iv)(v),,,,,,,,,,,,,,,,,,,,,,,,,,,
211,263,Monastery of the Hieronymites and Tower of Belém in Lisbon,Portugal,,,,(iii)(vi),,,,,,,,,,,,,,,,,,,,,,,,,,,
212,1452,Bursa and Cumalıkızık: the Birth of the Ottoman Empire,Türkiye,,,,(i)(ii)(iv)(vi),,,,,,,,,,,,,,,,,,,,,,,,,,,
213,203,"From the Great Saltworks of Salins-les-Bains to the Royal Saltworks of Arc-et-Senans, the Production of Open-pan Salt",France,,,,(i)(ii)(iv),,,,,,,,,,,,,,,,,,,,,,,,,,,
214,344,Pont du Gard (Roman Aqueduct),France,,,,(i)(iii)(iv),,,,,,,,,,,,,,,,,,,,,,,,,,,
215,165,Cistercian Abbey of Fontenay,France,,,,(iv),,,,,,,,,,,,,,,,,,,,,,,,,,,
216,1565,Hebron/Al-Khalil Old Town,State of Palestine,,,,(ii)(iv)(vi),,,,,,,,,,,,,,,,,,,,,,,,,,,
217,1055,Lamu Old Town,Kenya,,,,(ii)(iv)(vi),,,,,,,,,,,,,,,,,,,,,,,,,,,
218,872,Historic Site of Lyon,France,,,,(ii)(iv),,,,,,,,,,,,,,,,,,,,,,,,,,,
219,1295,"Fort Jesus, Mombasa",Kenya,,,,(ii)(iv),,,,,,,,,,,,,,,,,,,,,,,,,,,
220,311,Old Town of Segovia and its Aqueduct,Spain,,,,(i)(iii)(i)(v),,,,,,,,,,,,,,,,,,,,,,,,,,,
221,755,"Historic Centre of Oporto, Luiz I Bridge and Monastery of Serra do Pilar",Portugal,,,,(iv),,,,,,,,,,,,,,,,,,,,,,,,,,,
222,1572,Göbekli Tepe,Türkiye,,,,(i)(ii)(iv),,,,,,,,,,,,,,,,,,,,,,,,,,,
223,602,Historic Centre of Bukhara,Uzbekistan,,,,(ii)(iv)(vi),,,,,,,,,,,,,,,,,,,,,,,,,,,
224,239,Group of Monuments at Pattadakal,India,,,,(iii)(iv),,,,,,,,,,,,,,,,,,,,,,,,,,,
225,1324,Historic Villages of Korea: Hahoe and Yangdong,Republic of Korea,,,,(iii)(iv),,,,,,,,,,,,,,,,,,,,,,,,,,,
226,514,Heart of Neolithic Orkney,United Kingdom of Great Britain and Northern Ireland,,,,(i)(ii)(iii)(iv),,,,,,,,,,,,,,,,,,,,,,,,,,,
227,817,Hwaseong Fortress,Republic of Korea,,,,(ii)(iii),,,,,,,,,,,,,,,,,,,,,,,,,,,
228,505,Monastery of Alcobaça,Portugal,,,,(i)(iv),,,,,,,,,,,,,,,,,,,,,,,,,,,
229,180,"National History Park – Citadel, Sans Souci, Ramiers",Haiti,,,,(iv)(vi),,,,,,,,,,,,,,,,,,,,,,,,,,,
230,1739,Maratha Military Landscapes of India,India,,,,(iv)(vi),,,,,,,,,,,,,,,,,,,,,,,,,,,
231,1570,"Kakatiya Rudreshwara (Ramappa) Temple, Telangana",India,,,,(i)(iii),,,,,,,,,,,,,,,,,,,,,,,,,,,
232,795,Maritime Greenwich,United Kingdom of Great Britain and Northern Ireland,,,,(i)(ii)(iv)(vi),,,,,,,,,,,,,,,,,,,,,,,,,,,
233,1077,Takht-e Soleyman,Iran (Islamic Republic of),,,,(i)(ii)(iii)(iv)(vi),,,,,,,,,,,,,,,,,,,,,,,,,,,
234,1188,Soltaniyeh,Iran (Islamic Republic of),,,,(ii)(iii)(iv),,,,,,,,,,,,,,,,,,,,,,,,,,,
235,496,"Canterbury Cathedral, St Augustine's Abbey, and St Martin's Church",United Kingdom of Great Britain and Northern Ireland,,,,(i)(ii)(vi),,,,,,,,,,,,,,,,,,,,,,,,,,,
236,902,Historic Centre of Sighişoara,Romania,,,,(iii)(v),,,,,,,,,,,,,,,,,,,,,,,,,,,
237,1054,Churches of Peace in Jawor and Świdnica,Poland,,,,(iii)(iv)(vi),,,,,,,,,,,,,,,,,,,,,,,,,,,
238,1114,Yin Xu,China,,,,(ii)(iii)(iv)(vi),,,,,,,,,,,,,,,,,,,,,,,,,,,
239,904,Wooden Churches of Maramureş,Romania,,,,(iv),,,,,,,,,,,,,,,,,,,,,,,,,,,
240,362,Old Town of Ghadamès,Libya,,,,(v),,,,,,,,,,,,,,,,,,,,,,,,,,,
241,394,Venice and its Lagoon,Italy,,,,(i)(ii)(iii)(iv)(v)(vi),,,,,,,,,,,,,,,,,,,,,,,,,,,
242,1499,Antigua Naval Dockyard and Related Archaeological Sites,Antigua and Barbuda,,,,(ii)(iv),,,,,,,,,,,,,,,,,,,,,,,,,,,
243,356,Historic Areas of Istanbul,Türkiye,,,,(i)(ii)(iii)(iv),,,,,,,,,,,,,,,,,,,,,,,,,,,
244,135,Fortifications on the Caribbean Side of Panama: Portobelo-San Lorenzo,Panama,,,,(i)(iv),,,,,,,,,,,,,,,,,,,,,,,,,,,
245,322,Ruins of the Buddhist Vihara at Paharpur,Bangladesh,,,,(i)(ii)(vi),,,,,,,,,,,,,,,,,,,,,,,,,,,
246,996,Historic Centre of Brugge,Belgium,,,,(ii)(iv)(vi),,,,,,,,,,,,,,,,,,,,,,,,,,,
247,822,Historic Centre (Old Town) of Tallinn,Estonia,,,,(ii)(iv),,,,,,,,,,,,,,,,,,,,,,,,,,,
248,793,Historic City of Meknes,Morocco,,,,(iv),,,,,,,,,,,,,,,,,,,,,,,,,,,
249,1097,Ensemble of the Novodevichy Convent,Russian Federation,,,,(i)(iv)(vi),,,,,,,,,,,,,,,,,,,,,,,,,,,
250,1202,Urban Historic Centre of Cienfuegos,Cuba,,,,(ii)(iv),,,,,,,,,,,,,,,,,,,,,,,,,,,
251,312,Monuments of Oviedo and the Kingdom of the Asturias,Spain,,,,(i)(ii)(i)(v),,,,,,,,,,,,,,,,,,,,,,,,,,,
252,1493,Pampulha Modern Ensemble,Brazil,,,,(i)(ii)(iv),,,,,,,,,,,,,,,,,,,,,,,,,,,
253,433,Bahla Fort,Oman,,,,(iv),,,,,,,,,,,,,,,,,,,,,,,,,,,
254,815,"Hospicio Cabañas, Guadalajara",Mexico,,,,(i)(ii)(iii)(iv),,,,,,,,,,,,,,,,,,,,,,,,,,,
255,676,Historic Centre of Zacatecas,Mexico,,,,(ii)(iv),,,,,,,,,,,,,,,,,,,,,,,,,,,
256,585,Historic Centre of Morelia,Mexico,,,,(ii)(iv)(vi),,,,,,,,,,,,,,,,,,,,,,,,,,,
257,526,Colonial City of Santo Domingo,Dominican Republic,,,,(ii)(iv)(vi),,,,,,,,,,,,,,,,,,,,,,,,,,,
258,982,Ensemble of the Ferapontov Monastery,Russian Federation,,,,(i)(iv),,,,,,,,,,,,,,,,,,,,,,,,,,,
259,863,Historic Centre of Santa Ana de los Ríos de Cuenca,Ecuador,,,,(ii)(iv)(v),,,,,,,,,,,,,,,,,,,,,,,,,,,
260,750,"Ancient <I>Ksour</I> of Ouadane, Chinguetti, Tichitt and Oualata",Mauritania,,,,(iii)(iv)(v),,,,,,,,,,,,,,,,,,,,,,,,,,,
261,791,Pre-Hispanic Town of Uxmal,Mexico,,,,(i)(ii)(iii),,,,,,,,,,,,,,,,,,,,,,,,,,,
262,529,Jesuit Missions of the Chiquitos,Bolivia (Plurinational State of),,,,(iv)(v),,,,,,,,,,,,,,,,,,,,,,,,,,,
263,18,"Rock-Hewn Churches, Lalibela",Ethiopia,,,,(i)(ii)(iii),,,,,,,,,,,,,,,,,,,,,,,,,,,
264,1185,Plantin-Moretus House-Workshops-Museum Complex,Belgium,,,,(ii)(iii)(iv)(vi),,,,,,,,,,,,,,,,,,,,,,,,,,,
265,327,Quseir Amra,Jordan,,,,(i)(iii)(iv),,,,,,,,,,,,,,,,,,,,,,,,,,,
266,1078,Jewish Quarter and St Procopius' Basilica in Třebíč,Czechia,,,,(ii)(iii),,,,,,,,,,,,,,,,,,,,,,,,,,,
267,30,Historic Centre of Warsaw,Poland,,,,(ii)(vi),,,,,,,,,,,,,,,,,,,,,,,,,,,
268,1670,Sacred Ensembles of the Hoysalas,India,,,,(i)(ii)(iv),,,,,,,,,,,,,,,,,,,,,,,,,,,
269,1070,"Citadel, Ancient City and Fortress Buildings of Derbent",Russian Federation,,,,(iii)(iv),,,,,,,,,,,,,,,,,,,,,,,,,,,
270,55,Røros Mining Town and the Circumference,Norway,,,,(iii)(iv)(v),,,,,,,,,,,,,,,,,,,,,,,,,,,
271,861,Holašovice Historic Village,Czechia,,,,(ii)(iv),,,,,,,,,,,,,,,,,,,,,,,,,,,
272,901,Litomyšl Castle,Czechia,,,,(ii)(iv),,,,,,,,,,,,,,,,,,,,,,,,,,,
273,1585,Trans-Iranian Railway,Iran (Islamic Republic of),,,,(ii)(iv),,,,,,,,,,,,,,,,,,,,,,,,,,,
274,993,Historic Centre of the Town of Goiás,Brazil,,,,(ii)(iv),,,,,,,,,,,,,,,,,,,,,,,,,,,
275,276,Samarra Archaeological City,Iraq,,,,(ii)(iii)(iv),,,,,,,,,,,,,,,,,,,,,,,,,,,
276,372,Studley Royal Park including the Ruins of Fountains Abbey,United Kingdom of Great Britain and Northern Ireland,,,,(i)(iv),,,,,,,,,,,,,,,,,,,,,,,,,,,
277,659,Brú na Bóinne - Archaeological Ensemble of the Bend of the Boyne,Ireland,,,,(i)(iii)(iv),,,,,,,,,,,,,,,,,,,,,,,,,,,
278,348,Old Town of Ávila with its Extra-Muros Churches,Spain,,,,(iii)(iv),,,,,,,,,,,,,,,,,,,,,,,,,,,
279,1096,White City of Tel-Aviv – the Modern Movement,Israel,,,,(ii)(iv),,,,,,,,,,,,,,,,,,,,,,,,,,,
280,792,Historic Monuments Zone of Querétaro,Mexico,,,,(ii)(iv),,,,,,,,,,,,,,,,,,,,,,,,,,,
281,695,Roskilde Cathedral,Denmark,,,,(ii)(iv),,,,,,,,,,,,,,,,,,,,,,,,,,,
282,294,Baalbek,Lebanon,,,,(i)(iv),,,,,,,,,,,,,,,,,,,,,,,,,,,
283,1424,Wooden <em>Tserkvas</em> of the Carpathian Region in Poland and Ukraine,"Poland,Ukraine",,,,(iii)(iv),,,,,,,,,,,,,,,,,,,,,,,,,,,
284,1539,Tarnowskie Góry Lead-Silver-Zinc Mine and its Underground Water Management System,Poland,,,,(i)(ii)(iv),,,,,,,,,,,,,,,,,,,,,,,,,,,
285,717,Historic Centre of Siena,Italy,,,,(i)(ii)(iv),,,,,,,,,,,,,,,,,,,,,,,,,,,
286,804,"Palau de la Música Catalana and Hospital de Sant Pau, Barcelona",Spain,,,,(i)(ii)(iv),,,,,,,,,,,,,,,,,,,,,,,,,,,
287,1170,Historical Centre of the City of Yaroslavl,Russian Federation,,,,(ii)(iv),,,,,,,,,,,,,,,,,,,,,,,,,,,
288,1399,Levuka Historical Port Town,Fiji,,,,(ii)(iv),,,,,,,,,,,,,,,,,,,,,,,,,,,
289,1402,Al Zubarah Archaeological Site,Qatar,,,,(iii)(iv)(v),,,,,,,,,,,,,,,,,,,,,,,,,,,
290,1643,The works of Jože Plečnik in Ljubljana – Human Centred Urban Design,Slovenia,,,,(iv),,,,,,,,,,,,,,,,,,,,,,,,,,,
291,240,Khajuraho Group of Monuments,India,,,,(i)(iii),,,,,,,,,,,,,,,,,,,,,,,,,,,
292,246,"Sun Temple, Konârak",India,,,,(i)(iii)(vi),,,,,,,,,,,,,,,,,,,,,,,,,,,
293,1358,Citadel of the Ho Dynasty,Viet Nam,,,,(ii)(iv),,,,,,,,,,,,,,,,,,,,,,,,,,,
294,1517,Archaeological Site of Philippi,Greece,,,,(iii)(iv),,,,,,,,,,,,,,,,,,,,,,,,,,,
295,986,Ciudad Universitaria de Caracas,Venezuela (Bolivarian Republic of),,,,(i)(iv),,,,,,,,,,,,,,,,,,,,,,,,,,,
296,479,Town of Luang Prabang,Lao People's Democratic Republic,,,,(ii)(iv)(v),,,,,,,,,,,,,,,,,,,,,,,,,,,
297,265,Convent of Christ in Tomar,Portugal,,,,(i)(vi),,,,,,,,,,,,,,,,,,,,,,,,,,,
298,977,"Gochang, Hwasun and Ganghwa Dolmen Sites",Republic of Korea,,,,(iii),,,,,,,,,,,,,,,,,,,,,,,,,,,
299,247,Hill Forts of Rajasthan,India,,,,(ii)(iii),,,,,,,,,,,,,,,,,,,,,,,,,,,
300,144,Ruins of Kilwa Kisiwani and Ruins of Songo Mnara,United Republic of Tanzania,,,,(iii),,,,,,,,,,,,,,,,,,,,,,,,,,,
301,1268,Historic Centre of Agadez,Niger,,,,(ii)(iii),,,,,,,,,,,,,,,,,,,,,,,,,,,
302,493,Medieval City of Rhodes,Greece,,,,(ii)(iv)(v),,,,,,,,,,,,,,,,,,,,,,,,,,,
303,491,Sanctuary of Asklepios at Epidaurus,Greece,,,,(i)(ii)(iii)(iv)(vi),,,,,,,,,,,,,,,,,,,,,,,,,,,
304,712,City of Vicenza and the Palladian Villas of the Veneto,Italy,,,,(i)(ii),,,,,,,,,,,,,,,,,,,,,,,,,,,
305,488,Tower of London,United Kingdom of Great Britain and Northern Ireland,,,,(ii)(iv),,,,,,,,,,,,,,,,,,,,,,,,,,,
306,1552,Roșia Montană Mining Landscape,Romania,,,,(ii)(iii)(iv),,,,,,,,,,,,,,,,,,,,,,,,,,,
307,776,Itsukushima Shinto Shrine,Japan,,,,(i)(ii)(iv)(vi),,,,,,,,,,,,,,,,,,,,,,,,,,,
308,668,Angkor,Cambodia,,,,(i)(ii)(iii)(iv),,,,,,,,,,,,,,,,,,,,,,,,,,,
309,87,Ancient Thebes with its Necropolis,Egypt,,,,(i)(iii)(vi),,,,,,,,,,,,,,,,,,,,,,,,,,,
310,414,Pre-Hispanic City of Teotihuacan,Mexico,,,,(i)(ii)(iii)(iv)(vi),,,,,,,,,,,,,,,,,,,,,,,,,,,
311,884,"Three Castles, Defensive Wall and Ramparts of the Market-Town of Bellinzona",Switzerland,,,,(iv),,,,,,,,,,,,,,,,,,,,,,,,,,,
312,940,Historic Inner City of Paramaribo,Suriname,,,,(ii)(iv),,,,,,,,,,,,,,,,,,,,,,,,,,,
313,980,Historic and Architectural Complex of the Kazan Kremlin,Russian Federation,,,,(ii)(iii)(iv),,,,,,,,,,,,,,,,,,,,,,,,,,,
314,20,Ancient City of Damascus,Syrian Arab Republic,,,,(i)(ii)(iii)(iv)(vi),,,,,,,,,,,,,,,,,,,,,,,,,,,
315,1073,Gebel Barkal and the Sites of the Napatan Region,Sudan,,,,(i)(ii)(iii)(iv)(vi),,,,,,,,,,,,,,,,,,,,,,,,,,,
316,1200,Syracuse and the Rocky Necropolis of Pantalica,Italy,,,,(ii)(iii)(iv)(vi),,,,,,,,,,,,,,,,,,,,,,,,,,,
317,502,Historic City of Vigan,Philippines,,,,(ii)(iv),,,,,,,,,,,,,,,,,,,,,,,,,,,
318,990,"Assisi, the Basilica of San Francesco and Other Franciscan Sites",Italy,,,,(i)(ii)(iii)(iv)(vi),,,,,,,,,,,,,,,,,,,,,,,,,,,
319,661,Himeji-jo,Japan,,,,(i)(iv),,,,,,,,,,,,,,,,,,,,,,,,,,,
320,688,"Historic Monuments of Ancient Kyoto (Kyoto, Uji and Otsu Cities)",Japan,,,,(ii)(iv),,,,,,,,,,,,,,,,,,,,,,,,,,,
321,574,Historic Town of Sukhothai and Associated Historic Towns,Thailand,,,,(i)(iii),,,,,,,,,,,,,,,,,,,,,,,,,,,
322,762,"Church Town of Gammelstad, Luleå",Sweden,,,,(ii)(iv)(v),,,,,,,,,,,,,,,,,,,,,,,,,,,
323,932,Jurisdiction of Saint-Emilion,France,,,,(iii)(iv),,,,,,,,,,,,,,,,,,,,,,,,,,,
324,770,Canal du Midi,France,,,,(i)(ii)(iv)(vi),,,,,,,,,,,,,,,,,,,,,,,,,,,
325,870,Historic Monuments of Ancient Nara,Japan,,,,(ii)(iii)(iv)(vi),,,,,,,,,,,,,,,,,,,,,,,,,,,
326,12,Tiya,Ethiopia,,,,(i)(iv),,,,,,,,,,,,,,,,,,,,,,,,,,,
327,797,City of Verona,Italy,,,,(ii)(iv),,,,,,,,,,,,,,,,,,,,,,,,,,,
328,1139,Tomb of Askia,Mali,,,,(ii)(iii)(iv),,,,,,,,,,,,,,,,,,,,,,,,,,,
329,1367,Garrison Border Town of Elvas and its Fortifications,Portugal,,,,(iv),,,,,,,,,,,,,,,,,,,,,,,,,,,
330,482,Historic Town of Guanajuato and Adjacent Mines,Mexico,,,,(i)(ii)(iv)(vi),,,,,,,,,,,,,,,,,,,,,,,,,,,
331,84,"Vézelay, Church and Hill",France,,,,(i)(vi),,,,,,,,,,,,,,,,,,,,,,,,,,,
332,366,Chan Chan Archaeological Zone,Peru,,,,(i)(iii),,,,,,,,,,,,,,,,,,,,,,,,,,,
333,1444,Pyu Ancient Cities,Myanmar,,,,(ii)(iii)(iv),,,,,,,,,,,,,,,,,,,,,,,,,,,
334,826,"Portovenere, Cinque Terre, and the Islands (Palmaria, Tino and Tinetto)",Italy,,,,(ii)(iv)(v),,,,,,,,,,,,,,,,,,,,,,,,,,,
335,1217,Vizcaya Bridge,Spain,,,,(i)(ii),,,,,,,,,,,,,,,,,,,,,,,,,,,
336,1590,Sanctuary of Bom Jesus do Monte in Braga,Portugal,,,,(iv),,,,,,,,,,,,,,,,,,,,,,,,,,,
337,170,Medina of Fez,Morocco,,,,(ii)(v),,,,,,,,,,,,,,,,,,,,,,,,,,,
338,723,Cultural Landscape of Sintra,Portugal,,,,(ii)(iv)(v),,,,,,,,,,,,,,,,,,,,,,,,,,,
339,825,Archaeological Area and the Patriarchal Basilica of Aquileia,Italy,,,,(iii)(iv)(vi),,,,,,,,,,,,,,,,,,,,,,,,,,,
340,657,Architectural Ensemble of the Trinity Sergius Lavra in Sergiev Posad,Russian Federation,,,,(ii)(iv),,,,,,,,,,,,,,,,,,,,,,,,,,,
341,148,Old City of Jerusalem and its Walls,Jerusalem (Site proposed by Jordan),,,,(ii)(iii)(vi),,,,,,,,,,,,,,,,,,,,,,,,,,,
342,899,Droogmakerij de Beemster (Beemster Polder),Netherlands (Kingdom of the),,,,(i)(ii)(iv),,,,,,,,,,,,,,,,,,,,,,,,,,,
343,1749,Saint Hilarion Monastery/ Tell Umm Amer,State of Palestine,,,,(ii)(iii)(vi),,,,,,,,,,,,,,,,,,,,,,,,,,,
344,1525,Assumption Cathedral and Monastery of the town-island of Sviyazhsk,Russian Federation,,,,(ii)(iv),,,,,,,,,,,,,,,,,,,,,,,,,,,
345,987,Roman Walls of Lugo,Spain,,,,(iv),,,,,,,,,,,,,,,,,,,,,,,,,,,
346,678,Complex of Hué Monuments,Viet Nam,,,,(iv),,,,,,,,,,,,,,,,,,,,,,,,,,,
347,634,"Church of the Ascension, Kolomenskoye",Russian Federation,,,,(ii),,,,,,,,,,,,,,,,,,,,,,,,,,,
348,648,Jesuit Missions of La Santísima Trinidad de Paraná and Jesús de Tavarangue,Paraguay,,,,(iv),,,,,,,,,,,,,,,,,,,,,,,,,,,
349,597,Monastery of Horezu,Romania,,,,(ii),,,,,,,,,,,,,,,,,,,,,,,,,,,
350,1519,Aphrodisias,Türkiye,,,,(ii)(iii)(iv)(vi),,,,,,,,,,,,,,,,,,,,,,,,,,,
351,1518,Archaeological Site of Ani,Türkiye,,,,(ii)(iii)(iv),,,,,,,,,,,,,,,,,,,,,,,,,,,
352,93,Church and Dominican Convent of Santa Maria delle Grazie with “The Last Supper” by Leonardo da Vinci,Italy,,,,(i)(ii),,,,,,,,,,,,,,,,,,,,,,,,,,,
353,416,Historic Centre of Puebla,Mexico,,,,(ii)(iv),,,,,,,,,,,,,,,,,,,,,,,,,,,
354,371,Ironbridge Gorge,United Kingdom of Great Britain and Northern Ireland,,,,(i)(ii)(iv)(vi),,,,,,,,,,,,,,,,,,,,,,,,,,,
355,830,Costiera Amalfitana,Italy,,,,(ii)(iv)(v),,,,,,,,,,,,,,,,,,,,,,,,,,,
356,1662,The Ancient Town of Si Thep and its Associated Dvaravati Monuments,Thailand,,,,(ii)(iii),,,,,,,,,,,,,,,,,,,,,,,,,,,
357,1079,Franciscan Missions in the Sierra Gorda of Querétaro,Mexico,,,,(ii)(iii),,,,,,,,,,,,,,,,,,,,,,,,,,,
358,842,"Cilento and Vallo di Diano National Park with the Archeological Sites of Paestum and Velia, and the Certosa di Padula",Italy,,,,(iii)(iv),,,,,,,,,,,,,,,,,,,,,,,,,,,
359,347,Santiago de Compostela (Old Town),Spain,,,,(i)(ii)(vi),,,,,,,,,,,,,,,,,,,,,,,,,,,
360,728,Old and New Towns of Edinburgh,United Kingdom of Great Britain and Northern Ireland,,,,(ii)(iv),,,,,,,,,,,,,,,,,,,,,,,,,,,
361,1455,Susa,Iran (Islamic Republic of),,,,(i)(ii)(iii)(iv),,,,,,,,,,,,,,,,,,,,,,,,,,,
362,1398,Gonbad-e Qābus,Iran (Islamic Republic of),,,,(i)(ii)(iii)(iv),,,,,,,,,,,,,,,,,,,,,,,,,,,
363,314,"Alhambra, Generalife and Albayzín, Granada",Spain,,,,(i)(iii)(i)(v),,,,,,,,,,,,,,,,,,,,,,,,,,,
364,1106,Pasargadae,Iran (Islamic Republic of),,,,(i)(ii)(iii)(iv),,,,,,,,,,,,,,,,,,,,,,,,,,,
365,115,"Meidan Emam, Esfahan",Iran (Islamic Republic of),,,,(i)(v)(vi),,,,,,,,,,,,,,,,,,,,,,,,,,,
366,114,Persepolis,Iran (Islamic Republic of),,,,(i)(iii)(vi),,,,,,,,,,,,,,,,,,,,,,,,,,,
367,592,Borobudur Temple Compounds,Indonesia,,,,(i)(ii)(vi),,,,,,,,,,,,,,,,,,,,,,,,,,,
368,1459,"Qhapaq Ñan, Andean Road System","Argentina,Bolivia (Plurinational State of),Chile,Colombia,Ecuador,Peru",,,,(ii)(iii)(iv)(vi),,,,,,,,,,,,,,,,,,,,,,,,,,,
369,1711,Moidams – the Mound-Burial System of the Ahom Dynasty,India,,,,(iii)(iv),,,,,,,,,,,,,,,,,,,,,,,,,,,
370,631,"El Tajin, Pre-Hispanic City",Mexico,,,,(iii)(iv),,,,,,,,,,,,,,,,,,,,,,,,,,,
371,984,Blaenavon Industrial Landscape,United Kingdom of Great Britain and Northern Ireland,,,,(iii)(iv),,,,,,,,,,,,,,,,,,,,,,,,,,,
372,1158,Etruscan Necropolises of Cerveteri and Tarquinia,Italy,,,,(i)(iii)(iv),,,,,,,,,,,,,,,,,,,,,,,,,,,
373,441,Mausoleum of the First Qin Emperor,China,,,,(i)(iii)(iv)(vi),,,,,,,,,,,,,,,,,,,,,,,,,,,
374,941,Archaeological Sites of Mycenae and Tiryns,Greece,,,,(i)(ii)(iii)(iv)(vi),,,,,,,,,,,,,,,,,,,,,,,,,,,
375,841,"San Pedro de la Roca Castle, Santiago de Cuba",Cuba,,,,(iv)(v),,,,,,,,,,,,,,,,,,,,,,,,,,,
376,960,Monastery of Geghard and the Upper Azat Valley,Armenia,,,,(ii),,,,,,,,,,,,,,,,,,,,,,,,,,,
377,777,Monasteries of Haghpat and Sanahin,Armenia,,,,(ii)(iv),,,,,,,,,,,,,,,,,,,,,,,,,,,
378,1592,Archaeological Ruins of Liangzhu City,China,,,,(iii)(iv),,,,,,,,,,,,,,,,,,,,,,,,,,,
379,785,Semmering Railway,Austria,,,,(ii)(iv),,,,,,,,,,,,,,,,,,,,,,,,,,,
380,1447,Carolingian Westwork and Civitas Corvey,Germany,,,,(ii)(iii)(iv),,,,,,,,,,,,,,,,,,,,,,,,,,,
381,1039,Yungang Grottoes,China,,,,(i)(ii)(iii)(iv),,,,,,,,,,,,,,,,,,,,,,,,,,,
382,579,Bronze Age Burial Site of Sammallahdenmäki,Finland,,,,(iii)(iv),,,,,,,,,,,,,,,,,,,,,,,,,,,
383,881,Temple of Heaven: an Imperial Sacrificial Altar in Beijing,China,,,,(i)(ii)(iii),,,,,,,,,,,,,,,,,,,,,,,,,,,
384,971,Churches of Chiloé,Chile,,,,(ii)(iii),,,,,,,,,,,,,,,,,,,,,,,,,,,
385,931,City of Graz – Historic Centre and Schloss Eggenberg,Austria,,,,(ii)(iv),,,,,,,,,,,,,,,,,,,,,,,,,,,
386,1442,Silk Roads: the Routes Network of Chang'an-Tianshan Corridor,"China,Kazakhstan,Kyrgyzstan",,,,(ii)(iii)(v)(vi),,,,,,,,,,,,,,,,,,,,,,,,,,,
387,848,Choirokoitia,Cyprus,,,,(ii)(iii)(iv),,,,,,,,,,,,,,,,,,,,,,,,,,,
388,1006,Neolithic Flint Mines at Spiennes (Mons),Belgium,,,,(i)(iii)(iv),,,,,,,,,,,,,,,,,,,,,,,,,,,
389,1226,Stone Circles of Senegambia,"Gambia,Senegal",,,,(i)(iii),,,,,,,,,,,,,,,,,,,,,,,,,,,
390,856,"The Four Lifts on the Canal du Centre and their Environs, La Louvière and Le Roeulx (Hainaut)",Belgium,,,,(iii)(iv),,,,,,,,,,,,,,,,,,,,,,,,,,,
391,149,Archaeological Park and Ruins of Quirigua,Guatemala,,,,(i)(ii)(iv),,,,,,,,,,,,,,,,,,,,,,,,,,,
392,708,Historical Monuments of Mtskheta,Georgia,,,,(iii)(iv),,,,,,,,,,,,,,,,,,,,,,,,,,,
393,600,"Paris, Banks of the Seine",France,,,,(i)(ii)(iv),,,,,,,,,,,,,,,,,,,,,,,,,,,
394,309,Historic Centre of Salvador de Bahia,Brazil,,,,(iv)(vi),,,,,,,,,,,,,,,,,,,,,,,,,,,
395,162,Amiens Cathedral,France,,,,(i)(ii),,,,,,,,,,,,,,,,,,,,,,,,,,,
396,1337,Episcopal City of Albi,France,,,,(iv)(v),,,,,,,,,,,,,,,,,,,,,,,,,,,
397,532,Palaces and Parks of Potsdam and Berlin,Germany,,,,(i)(ii)(iv),,,,,,,,,,,,,,,,,,,,,,,,,,,
398,1488,Diyarbakır Fortress and Hevsel Gardens Cultural Landscape,Türkiye,,,,(iv),,,,,,,,,,,,,,,,,,,,,,,,,,,
399,131,City of Valletta,Malta,,,,(i)(vi),,,,,,,,,,,,,,,,,,,,,,,,,,,
400,88,Nubian Monuments from Abu Simbel to Philae,Egypt,,,,(i)(iii)(vi),,,,,,,,,,,,,,,,,,,,,,,,,,,
401,1022,Tombs of Buganda Kings at Kasubi,Uganda,,,,(i)(iii)(iv)(vi),,,,,,,,,,,,,,,,,,,,,,,,,,,
402,865,L'viv – the Ensemble of the Historic Centre,Ukraine,,,,(ii)(v),,,,,,,,,,,,,,,,,,,,,,,,,,,
403,1330,Residence of Bukovinian and Dalmatian Metropolitans,Ukraine,,,,(ii)(iii)(iv),,,,,,,,,,,,,,,,,,,,,,,,,,,
404,1550,Asmara: A Modernist African City,Eritrea,,,,(ii)(iv),,,,,,,,,,,,,,,,,,,,,,,,,,,
405,2,City of Quito,Ecuador,,,,(ii)(iv),,,,,,,,,,,,,,,,,,,,,,,,,,,
406,1093,Um er-Rasas (Kastrom Mefa'a),Jordan,,,,(i)(iv)(vi),,,,,,,,,,,,,,,,,,,,,,,,,,,
407,1734,Forest Research Institute Malaysia Forest Park Selangor,Malaysia,,,,(iv),,,,,,,,,,,,,,,,,,,,,,,,,,,
408,1283,Fortifications of Vauban,France,,,,(i)(ii)(iv),,,,,,,,,,,,,,,,,,,,,,,,,,,
409,1658,Old town of Kuldīga,Latvia,,,,(v),,,,,,,,,,,,,,,,,,,,,,,,,,,
410,230,Abbey Church of Saint-Savin sur Gartempe,France,,,,(i)(iii),,,,,,,,,,,,,,,,,,,,,,,,,,,
411,1725,Megaliths of Carnac and of the shores of Morbihan,France,,,,(i)(iv),,,,,,,,,,,,,,,,,,,,,,,,,,,
412,481,Vat Phou and Associated Ancient Settlements within the Champasak Cultural Landscape,Lao People's Democratic Republic,,,,(iii)(iv)(vi),,,,,,,,,,,,,,,,,,,,,,,,,,,
413,194,Timgad,Algeria,,,,(ii)(iii)(iv),,,,,,,,,,,,,,,,,,,,,,,,,,,
414,1018,Ephesus,Türkiye,,,,(iii)(iv)(vi),,,,,,,,,,,,,,,,,,,,,,,,,,,
415,191,Djémila,Algeria,,,,(iii)(iv),,,,,,,,,,,,,,,,,,,,,,,,,,,
416,569,Historic Centres of Berat and Gjirokastra,Albania,,,,(iii)(iv),,,,,,,,,,,,,,,,,,,,,,,,,,,
417,1321,"The Architectural Work of Le Corbusier, an Outstanding Contribution to the Modern Movement","Argentina,Belgium,France,Germany,India,Japan,Switzerland",,,,(i)(ii)(vi),,,,,,,,,,,,,,,,,,,,,,,,,,,
418,121,Kathmandu Valley,Nepal,,,,(iii)(iv)(vi),,,,,,,,,,,,,,,,,,,,,,,,,,,
419,1621,Deer Stone Monuments and Related Bronze Age Sites,Mongolia,,,,(i)(iii),,,,,,,,,,,,,,,,,,,,,,,,,,,
420,1457,Pergamon and its Multi-Layered Cultural Landscape,Türkiye,,,,(i)(ii)(iii)(iv)(vi),,,,,,,,,,,,,,,,,,,,,,,,,,,
421,988,Catalan Romanesque Churches of the Vall de Boí,Spain,,,,(ii)(iv),,,,,,,,,,,,,,,,,,,,,,,,,,,
422,420,City of Potosí,Bolivia (Plurinational State of),,,,(ii)(iv)(vi),,,,,,,,,,,,,,,,,,,,,,,,,,,
423,1009,Notre-Dame Cathedral in Tournai,Belgium,,,,(ii)(iv),,,,,,,,,,,,,,,,,,,,,,,,,,,
424,1560,Caliphate City of Medina Azahara,Spain,,,,(iii)(iv),,,,,,,,,,,,,,,,,,,,,,,,,,,
425,1528,Talayotic Menorca,Spain,,,,(iii)(iv),,,,,,,,,,,,,,,,,,,,,,,,,,,
426,1433,"Birthplace of Jesus: Church of the Nativity and the Pilgrimage Route, Bethlehem",State of Palestine,,,,(i)(v)(vi),,,,,,,,,,,,,,,,,,,,,,,,,,,
427,981,Bolgar Historical and Archaeological Complex,Russian Federation,,,,(ii)(vi),,,,,,,,,,,,,,,,,,,,,,,,,,,
428,1192,Qal’at al-Bahrain – Ancient Harbour and Capital of Dilmun,Bahrain,,,,(ii)(iii)(iv),,,,,,,,,,,,,,,,,,,,,,,,,,,
429,604,Historic Monuments of Novgorod and Surroundings,Russian Federation,,,,(ii)(iv)(vi),,,,,,,,,,,,,,,,,,,,,,,,,,,
430,741,Old Town Lunenburg,Canada,,,,(iv)(v),,,,,,,,,,,,,,,,,,,,,,,,,,,
431,970,Wachau Cultural Landscape,Austria,,,,(ii)(iv),,,,,,,,,,,,,,,,,,,,,,,,,,,
432,1134,"Grimeton Radio Station, Varberg",Sweden,,,,(ii)(iv),,,,,,,,,,,,,,,,,,,,,,,,,,,
433,976,Gyeongju Historic Areas,Republic of Korea,,,,(ii)(iii),,,,,,,,,,,,,,,,,,,,,,,,,,,
434,703,"Mountain Resort and its Outlying Temples, Chengde",China,,,,(ii)(iv),,,,,,,,,,,,,,,,,,,,,,,,,,,
435,705,Ancient Building Complex in the Wudang Mountains,China,,,,(i)(ii)(vi),,,,,,,,,,,,,,,,,,,,,,,,,,,
436,786,Palace and Gardens of Schönbrunn,Austria,,,,(i)(iv),,,,,,,,,,,,,,,,,,,,,,,,,,,
437,1110,Historic Centre of Macao,China,,,,(ii)(iii)(iv)(vi),,,,,,,,,,,,,,,,,,,,,,,,,,,
438,31,Auschwitz Birkenau <br /><small>German Nazi Concentration and Extermination Camp (1940-1945)</small>,Poland,,,,(vi),,,,,,,,,,,,,,,,,,,,,,,,,,,
439,1541,"Kulangsu, a Historic International Settlement",China,,,,(ii)(iv),,,,,,,,,,,,,,,,,,,,,,,,,,,
440,576,Historic City of Ayutthaya,Thailand,,,,(iii),,,,,,,,,,,,,,,,,,,,,,,,,,,
441,499,Kairouan,Tunisia,,,,(i)(ii)(iii)(v)(vi),,,,,,,,,,,,,,,,,,,,,,,,,,,
442,744,San Agustín Archaeological Park,Colombia,,,,(iii),,,,,,,,,,,,,,,,,,,,,,,,,,,
443,1640,Djerba: Testimony to a settlement pattern in an island territory,Tunisia,,,,(v),,,,,,,,,,,,,,,,,,,,,,,,,,,
444,1349,Seventeenth-Century Canal Ring Area of Amsterdam inside the Singelgracht,Netherlands (Kingdom of the),,,,(i)(ii)(iv),,,,,,,,,,,,,,,,,,,,,,,,,,,
445,1478,Erzgebirge/Krušnohoří Mining Region,"Czechia,Germany",,,,(ii)(iii)(iv),,,,,,,,,,,,,,,,,,,,,,,,,,,
446,1405,Neolithic Site of Çatalhöyük,Türkiye,,,,(iii)(iv),,,,,,,,,,,,,,,,,,,,,,,,,,,
447,460,Trinidad and the Valley de los Ingenios,Cuba,,,,(iv)(v),,,,,,,,,,,,,,,,,,,,,,,,,,,
448,307,Statue of Liberty,United States of America,,,,(i)(vi),,,,,,,,,,,,,,,,,,,,,,,,,,,
449,1260,Mehmed Paša Sokolović Bridge in Višegrad,Bosnia and Herzegovina,,,,(ii)(iv),,,,,,,,,,,,,,,,,,,,,,,,,,,
450,1544,Historic City of Yazd,Iran (Islamic Republic of),,,,(iii)(v),,,,,,,,,,,,,,,,,,,,,,,,,,,
451,1567,Funerary and memory sites of the First World War (Western Front),"Belgium,France",,,,(iii)(iv)(vi),,,,,,,,,,,,,,,,,,,,,,,,,,,
452,1568,Sassanid Archaeological Landscape of Fars Region,Iran (Islamic Republic of),,,,(ii)(iii)(v),,,,,,,,,,,,,,,,,,,,,,,,,,,
453,543,Itchan Kala,Uzbekistan,,,,(iii)(iv)(v),,,,,,,,,,,,,,,,,,,,,,,,,,,
454,1130,Ashur (Qal'at Sherqat),Iraq,,,,(iii)(iv),,,,,,,,,,,,,,,,,,,,,,,,,,,
455,401,Old Village of Hollókő and its Surroundings,Hungary,,,,(v),,,,,,,,,,,,,,,,,,,,,,,,,,,
456,251,Agra Fort,India,,,,(iii),,,,,,,,,,,,,,,,,,,,,,,,,,,
457,757,Sceilg Mhichíl,Ireland,,,,(iii)(iv),,,,,,,,,,,,,,,,,,,,,,,,,,,
458,1422,Golestan Palace,Iran (Islamic Republic of),,,,(ii)(iii)(iv),,,,,,,,,,,,,,,,,,,,,,,,,,,
459,642,Prambanan Temple Compounds,Indonesia,,,,(i)(iv),,,,,,,,,,,,,,,,,,,,,,,,,,,
460,495,"Strasbourg, Grande-Île and <em>Neustadt</em>",France,,,,(ii)(iv),,,,,,,,,,,,,,,,,,,,,,,,,,,
461,430,Frontiers of the Roman Empire,"Germany,United Kingdom of Great Britain and Northern Ireland",,,,(ii)(iii)(iv),,,,,,,,,,,,,,,,,,,,,,,,,,,
462,729,"Bauhaus and its Sites in Weimar, Dessau and Bernau",Germany,,,,(ii)(iv)(vi),,,,,,,,,,,,,,,,,,,,,,,,,,,
463,780,Archaeological Site of Aigai (modern name Vergina),Greece,,,,(i)(iii),,,,,,,,,,,,,,,,,,,,,,,,,,,
464,1465,"Champagne Hillsides, Houses and Cellars",France,,,,(iii)(iv)(vi),,,,,,,,,,,,,,,,,,,,,,,,,,,
465,558,Skogskyrkogården,Sweden,,,,(ii)(iv),,,,,,,,,,,,,,,,,,,,,,,,,,,
466,949,My Son Sanctuary,Viet Nam,,,,(ii)(iii),,,,,,,,,,,,,,,,,,,,,,,,,,,
467,425,Blenheim Palace,United Kingdom of Great Britain and Northern Ireland,,,,(ii)(iv),,,,,,,,,,,,,,,,,,,,,,,,,,,
468,1608,Frontiers of the Roman Empire – The Danube Limes (Western Segment),"Austria,Germany,Slovakia",,,,(ii)(iii)(iv),,,,,,,,,,,,,,,,,,,,,,,,,,,
469,204,Old Havana and its Fortification System,Cuba,,,,(iv)(v),,,,,,,,,,,,,,,,,,,,,,,,,,,
470,690,Pilgrimage Church of St John of Nepomuk at Zelená Hora,Czechia,,,,(iv),,,,,,,,,,,,,,,,,,,,,,,,,,,
471,59,Bryggen,Norway,,,,(iii),,,,,,,,,,,,,,,,,,,,,,,,,,,
472,1622,Arslantepe Mound,Türkiye,,,,(iii),,,,,,,,,,,,,,,,,,,,,,,,,,,
473,1702,Rachid Karami International Fair-Tripoli,Lebanon,,,,(ii)(iv),,,,,,,,,,,,,,,,,,,,,,,,,,,
474,530,Delos,Greece,,,,(ii)(iii)(iv)(vi),,,,,,,,,,,,,,,,,,,,,,,,,,,
475,850,Ouadi Qadisha (the Holy Valley) and the Forest of the Cedars of God (Horsh Arz el-Rab),Lebanon,,,,(iii)(iv),,,,,,,,,,,,,,,,,,,,,,,,,,,
476,1084,"Royal Botanic Gardens, Kew",United Kingdom of Great Britain and Northern Ireland,,,,(ii)(iii)(iv),,,,,,,,,,,,,,,,,,,,,,,,,,,
477,784,Historic Centre of the City of Salzburg,Austria,,,,(ii)(iv)(vi),,,,,,,,,,,,,,,,,,,,,,,,,,,
478,583,Fortress of Suomenlinna,Finland,,,,(iv),,,,,,,,,,,,,,,,,,,,,,,,,,,
479,21,Ancient City of Aleppo,Syrian Arab Republic,,,,(iii)(iv),,,,,,,,,,,,,,,,,,,,,,,,,,,
480,393,Archaeological Site of Delphi,Greece,,,,(i)(ii)(iii)(iv)(vi),,,,,,,,,,,,,,,,,,,,,,,,,,,
481,511,Archaeological Site of Mystras,Greece,,,,(ii)(iii)(iv),,,,,,,,,,,,,,,,,,,,,,,,,,,
482,32,Wieliczka and Bochnia Royal Salt Mines,Poland,,,,(iv),,,,,,,,,,,,,,,,,,,,,,,,,,,
483,697,"Jelling Mounds, Runic Stones and Church",Denmark,,,,(iii),,,,,,,,,,,,,,,,,,,,,,,,,,,
484,438,The Great Wall,China,,,,(i)(ii)(iii)(iv)(vi),,,,,,,,,,,,,,,,,,,,,,,,,,,
485,1480,Victorian Gothic and Art Deco Ensembles of Mumbai,India,,,,(ii)(iv),,,,,,,,,,,,,,,,,,,,,,,,,,,
486,813,Classical Gardens of Suzhou,China,,,,(i)(ii)(iii)(iv)(v),,,,,,,,,,,,,,,,,,,,,,,,,,,
487,778,Lushan National Park,China,,,,(ii)(iii)(iv)(vi),,,,,,,,,,,,,,,,,,,,,,,,,,,
488,13,Melka Kunture and Balchit: Archaeological and Palaeontological Sites in the Highland Area of Ethiopia,Ethiopia,,,,(iii)(iv)(v),,,,,,,,,,,,,,,,,,,,,,,,,,,
489,696,Kronborg Castle,Denmark,,,,(iv),,,,,,,,,,,,,,,,,,,,,,,,,,,
490,139,Taxila,Pakistan,,,,(iii)(vi),,,,,,,,,,,,,,,,,,,,,,,,,,,
491,933,The Loire Valley between Sully-sur-Loire and Chalonnes,France,,,,(i)(ii)(iv),,,,,,,,,,,,,,,,,,,,,,,,,,,
492,978,Old Town of Corfu,Greece,,,,(iv),,,,,,,,,,,,,,,,,,,,,,,,,,,
493,80,Mont-Saint-Michel and its Bay,France,,,,(i)(iii)(vi),,,,,,,,,,,,,,,,,,,,,,,,,,,
494,670,The Sassi and the Park of the Rupestrian Churches of Matera,Italy,,,,(iii)(iv)(v),,,,,,,,,,,,,,,,,,,,,,,,,,,
495,272,Hanseatic City of Lübeck,Germany,,,,(iv),,,,,,,,,,,,,,,,,,,,,,,,,,,
496,1091,Complex of Koguryo Tombs,Democratic People's Republic of Korea,,,,(i)(ii)(iii)(iv),,,,,,,,,,,,,,,,,,,,,,,,,,,
497,285,"Port, Fortresses and Group of Monuments, Cartagena",Colombia,,,,(iv)(vi),,,,,,,,,,,,,,,,,,,,,,,,,,,
498,1273,Wooden Churches of the Slovak part of the Carpathian Mountain Area,Slovakia,,,,(iii)(iv),,,,,,,,,,,,,,,,,,,,,,,,,,,
499,498,Medina of Sousse,Tunisia,,,,(iii)(iv)(v),,,,,,,,,,,,,,,,,,,,,,,,,,,
500,566,Historic City of Sucre,Bolivia (Plurinational State of),,,,(iv),,,,,,,,,,,,,,,,,,,,,,,,,,,
501,974,Monastic Island of Reichenau,Germany,,,,(iii)(iv)(vi),,,,,,,,,,,,,,,,,,,,,,,,,,,
502,275,"Jesuit Missions of the Guaranis: San Ignacio Mini, Santa Ana, Nuestra Señora de Loreto and Santa Maria Mayor (Argentina), Ruins of Sao Miguel das Missoes (Brazil)","Argentina,Brazil",,,,(iv),,,,,,,,,,,,,,,,,,,,,,,,,,,
503,244,Elephanta Caves,India,,,,(i)(iii),,,,,,,,,,,,,,,,,,,,,,,,,,,
504,1441,Van Nellefabriek,Netherlands (Kingdom of the),,,,(ii)(iv),,,,,,,,,,,,,,,,,,,,,,,,,,,
505,119,Timbuktu,Mali,,,,(ii)(iv)(v),,,,,,,,,,,,,,,,,,,,,,,,,,,
506,318,"Monastery and Site of the Escurial, Madrid",Spain,,,,(i)(ii)(vi),,,,,,,,,,,,,,,,,,,,,,,,,,,
507,15,Aksum,Ethiopia,,,,(i)(iv),,,,,,,,,,,,,,,,,,,,,,,,,,,
508,805,San Millán Yuso and Suso Monasteries,Spain,,,,(ii)(iv)(vi),,,,,,,,,,,,,,,,,,,,,,,,,,,
509,965,Rietveld Schröderhuis (Rietveld Schröder House),Netherlands (Kingdom of the),,,,(i)(ii),,,,,,,,,,,,,,,,,,,,,,,,,,,
510,664,Archaeological Ensemble of Mérida,Spain,,,,(iii)(i)(v),,,,,,,,,,,,,,,,,,,,,,,,,,,
511,96,Stari Ras and Sopoćani,Serbia,,,,(i)(iii),,,,,,,,,,,,,,,,,,,,,,,,,,,
512,618,Historic Town of Banská Štiavnica and the Technical Monuments in its Vicinity,Slovakia,,,,(iv)(v),,,,,,,,,,,,,,,,,,,,,,,,,,,
513,956,Island of Saint-Louis,Senegal,,,,(ii)(iv),,,,,,,,,,,,,,,,,,,,,,,,,,,
514,948,Hoi An Ancient Town,Viet Nam,,,,(ii)(v),,,,,,,,,,,,,,,,,,,,,,,,,,,
515,1336,Archaeological Sites of the Island of Meroe,Sudan,,,,(ii)(iii)(iv)(v),,,,,,,,,,,,,,,,,,,,,,,,,,,
516,384,Old Town of Cáceres,Spain,,,,(iii)(iv),,,,,,,,,,,,,,,,,,,,,,,,,,,
517,65,Antigua Guatemala,Guatemala,,,,(ii)(iii)(iv),,,,,,,,,,,,,,,,,,,,,,,,,,,
518,42,Boyana Church,Bulgaria,,,,(ii)(iii),,,,,,,,,,,,,,,,,,,,,,,,,,,
519,950,Royal Hill of Ambohimanga,Madagascar,,,,(iii)(iv)(vi),,,,,,,,,,,,,,,,,,,,,,,,,,,
520,1245,San Marino Historic Centre and Mount Titano,San Marino,,,,(iii),,,,,,,,,,,,,,,,,,,,,,,,,,,
521,249,Group of Monuments at Mahabalipuram,India,,,,(i)(ii)(iii)(vi),,,,,,,,,,,,,,,,,,,,,,,,,,,
522,1196,"Architectural, Residential and Cultural Complex of the Radziwill Family at Nesvizh",Belarus,,,,(ii)(iv)(vi),,,,,,,,,,,,,,,,,,,,,,,,,,,
523,250,Great Living Chola Temples,India,,,,(ii)(iii),,,,,,,,,,,,,,,,,,,,,,,,,,,
524,1504,Stećci Medieval Tombstone Graveyards,"Bosnia and Herzegovina,Croatia,Montenegro,Serbia",,,,(iii)(vi),,,,,,,,,,,,,,,,,,,,,,,,,,,
525,1450,Thimlich Ohinga Archaeological Site,Kenya,,,,(iii)(iv)(v),,,,,,,,,,,,,,,,,,,,,,,,,,,
526,22,Ancient City of Bosra,Syrian Arab Republic,,,,(i)(iii)(vi),,,,,,,,,,,,,,,,,,,,,,,,,,,
527,837,Medina of Tétouan (formerly known as Titawin),Morocco,,,,(ii)(iv)(v),,,,,,,,,,,,,,,,,,,,,,,,,,,
528,143,"Historical Monuments at Makli, Thatta",Pakistan,,,,(iii),,,,,,,,,,,,,,,,,,,,,,,,,,,
529,1703,The Historic Centre of Odesa,Ukraine,,,,(ii)(iv),,,,,,,,,,,,,,,,,,,,,,,,,,,
530,849,Archaeological Site of Troy,Türkiye,,,,(ii)(iii)(vi),,,,,,,,,,,,,,,,,,,,,,,,,,,
531,613,Ruins of León Viejo,Nicaragua,,,,(iii)(iv),,,,,,,,,,,,,,,,,,,,,,,,,,,
532,19,"Fasil Ghebbi, Gondar Region",Ethiopia,,,,(ii)(iii),,,,,,,,,,,,,,,,,,,,,,,,,,,
533,140,Buddhist Ruins of Takht-i-Bahi and Neighbouring City Remains at Sahr-i-Bahlol,Pakistan,,,,(iv),,,,,,,,,,,,,,,,,,,,,,,,,,,
534,1343,"Cultural Sites of Al Ain (Hafit, Hili, Bidaa Bint Saud and Oases Areas)",United Arab Emirates,,,,(iii)(iv)(v),,,,,,,,,,,,,,,,,,,,,,,,,,,
535,794,Dougga / Thugga,Tunisia,,,,(ii)(iii),,,,,,,,,,,,,,,,,,,,,,,,,,,
536,190,Archaeological Site of Cyrene,Libya,,,,(ii)(iii)(vi),,,,,,,,,,,,,,,,,,,,,,,,,,,
537,1661,"Modernist Kaunas: Architecture of Optimism, 1919-1939",Lithuania,,,,(iv),,,,,,,,,,,,,,,,,,,,,,,,,,,
538,599,Island of Mozambique,Mozambique,,,,(iv)(vi),,,,,,,,,,,,,,,,,,,,,,,,,,,
539,37,Archaeological Site of Carthage,Tunisia,,,,(ii)(iii)(vi),,,,,,,,,,,,,,,,,,,,,,,,,,,
540,954,Saint Catherine Area,Egypt,,,,(i)(iii)(iv)(vi),,,,,,,,,,,,,,,,,,,,,,,,,,,
541,86,Memphis and its Necropolis – the Pyramid Fields from Giza to Dahshur,Egypt,,,,(i)(iii)(vi),,,,,,,,,,,,,,,,,,,,,,,,,,,
542,753,Medina of Essaouira (formerly Mogador),Morocco,,,,(ii)(iv),,,,,,,,,,,,,,,,,,,,,,,,,,,
543,873,"Provins, Town of Medieval Fairs",France,,,,(ii)(iv),,,,,,,,,,,,,,,,,,,,,,,,,,,
544,445,Brasilia,Brazil,,,,(i)(iv),,,,,,,,,,,,,,,,,,,,,,,,,,,
545,320,Works of Antoni Gaudí,Spain,,,,(i)(ii)(i)(v),,,,,,,,,,,,,,,,,,,,,,,,,,,
546,876,University and Historic Precinct of Alcalá de Henares,Spain,,,,(ii)(iv)(vi),,,,,,,,,,,,,,,,,,,,,,,,,,,
547,1155,Old town of Regensburg with Stadtamhof,Germany,,,,(ii)(iii)(iv),,,,,,,,,,,,,,,,,,,,,,,,,,,
548,1067,Historic Centres of Stralsund and Wismar,Germany,,,,(ii)(iv),,,,,,,,,,,,,,,,,,,,,,,,,,,
549,895,Historic Fortified Town of Campeche,Mexico,,,,(ii)(iv),,,,,,,,,,,,,,,,,,,,,,,,,,,
550,1099,Mapungubwe Cultural Landscape,South Africa,,,,(ii)(iii)(iv)(v),,,,,,,,,,,,,,,,,,,,,,,,,,,
551,1468,Moravian Church Settlements,"Denmark,Germany,United Kingdom of Great Britain and Northern Ireland,United States of America",,,,(iii)(iv),,,,,,,,,,,,,,,,,,,,,,,,,,,
552,973,Bardejov Town Conservation Reserve,Slovakia,,,,(iii)(i)(v),,,,,,,,,,,,,,,,,,,,,,,,,,,
553,78,Independence Hall,United States of America,,,,(vi),,,,,,,,,,,,,,,,,,,,,,,,,,,
554,164,"Arles, Roman and Romanesque Monuments",France,,,,(ii)(iv),,,,,,,,,,,,,,,,,,,,,,,,,,,
555,1569,The Maison Carrée of Nîmes,France,,,,(iv),,,,,,,,,,,,,,,,,,,,,,,,,,,
556,229,"Place Stanislas, Place de la Carrière and Place d'Alliance in Nancy",France,,,,(i)(iv),,,,,,,,,,,,,,,,,,,,,,,,,,,
557,886,State Historical and Cultural Park “Ancient Merv”,Turkmenistan,,,,(ii)(iii),,,,,,,,,,,,,,,,,,,,,,,,,,,
558,557,Rock Carvings in Tanum,Sweden,,,,(i)(iii)(iv),,,,,,,,,,,,,,,,,,,,,,,,,,,
559,560,"Archaeological Zone of Paquimé, Casas Grandes",Mexico,,,,(iii)(iv),,,,,,,,,,,,,,,,,,,,,,,,,,,
560,1595,The Archaeological Ensemble of 17th Century Port Royal,Jamaica,,,,(iv)(vi),,,,,,,,,,,,,,,,,,,,,,,,,,,
561,1269,Sacred City of Caral-Supe,Peru,,,,(ii)(iii)(iv),,,,,,,,,,,,,,,,,,,,,,,,,,,
562,113,Tchogha Zanbil,Iran (Islamic Republic of),,,,(iii)(iv),,,,,,,,,,,,,,,,,,,,,,,,,,,
563,1305,Historic Monuments of Dengfeng in “The Centre of Heaven and Earth”,China,,,,(iii)(vi),,,,,,,,,,,,,,,,,,,,,,,,,,,
564,1612,The work of engineer Eladio Dieste: Church of Atlántida,Uruguay,,,,(iv),,,,,,,,,,,,,,,,,,,,,,,,,,,
565,1484,"Sites of Japan’s Meiji Industrial Revolution: Iron and Steel, Shipbuilding and Coal Mining",Japan,,,,(ii)(iv),,,,,,,,,,,,,,,,,,,,,,,,,,,
566,1675,Silk Roads: Zarafshan-Karakum Corridor,"Tajikistan,Turkmenistan,Uzbekistan",,,,(ii)(iii)(v),,,,,,,,,,,,,,,,,,,,,,,,,,,
567,1046,Alto Douro Wine Region,Portugal,,,,(iii)(iv)(v),,,,,,,,,,,,,,,,,,,,,,,,,,,
568,595,Pythagoreion and Heraion of Samos,Greece,,,,(ii)(iii),,,,,,,,,,,,,,,,,,,,,,,,,,,
569,1716,Hegmataneh,Iran (Islamic Republic of),,,,(ii)(iii),,,,,,,,,,,,,,,,,,,,,,,,,,,
570,1178,Humberstone and Santa Laura Saltpeter Works,Chile,,,,(ii)(iii)(iv),,,,,,,,,,,,,,,,,,,,,,,,,,,
571,944,Mountain Railways of India,India,,,,(ii)(iv),,,,,,,,,,,,,,,,,,,,,,,,,,,
572,1282,Decorated Farmhouses of Hälsingland,Sweden,,,,(v),,,,,,,,,,,,,,,,,,,,,,,,,,,
573,1387,University of Coimbra – Alta and Sofia,Portugal,,,,(ii)(iv)(vi),,,,,,,,,,,,,,,,,,,,,,,,,,,
574,1116,Quebrada de Humahuaca,Argentina,,,,(ii)(iv)(v),,,,,,,,,,,,,,,,,,,,,,,,,,,
575,1008,Archaeological Landscape of the First Coffee Plantations in the South-East of Cuba,Cuba,,,,(iii)(iv),,,,,,,,,,,,,,,,,,,,,,,,,,,
576,1502,"Archaeological Site of Nalanda Mahavihara at Nalanda, Bihar",India,,,,(iv)(vi),,,,,,,,,,,,,,,,,,,,,,,,,,,
577,1322,Historic Town of Grand-Bassam,Côte d'Ivoire,,,,(iii)(iv),,,,,,,,,,,,,,,,,,,,,,,,,,,
578,1507,"Phu Phrabat, a testimony to the Sīma stone tradition of the Dvaravati period",Thailand,,,,(iii)(v),,,,,,,,,,,,,,,,,,,,,,,,,,,
579,310,Cave of Altamira and Paleolithic Cave Art of Northern Spain,Spain,,,,(i)(iii),,,,,,,,,,,,,,,,,,,,,,,,,,,
580,1298,Stoclet House,Belgium,,,,(i)(ii),,,,,,,,,,,,,,,,,,,,,,,,,,,
581,45,Rock-Hewn Churches of Ivanovo,Bulgaria,,,,(ii)(iii),,,,,,,,,,,,,,,,,,,,,,,,,,,
582,1667,Koh Ker: Archaeological Site of Ancient Lingapura or Chok Gargyar,Cambodia,,,,(ii)(iv),,,,,,,,,,,,,,,,,,,,,,,,,,,
583,1680,Jodensavanne Archaeological Site: Jodensavanne Settlement and Cassipora Creek Cemetery,Suriname,,,,(iii),,,,,,,,,,,,,,,,,,,,,,,,,,,
584,300,Historic District of Old Québec,Canada,,,,(iv)(vi),,,,,,,,,,,,,,,,,,,,,,,,,,,
585,1473,Brâncuși Monumental Ensemble of Târgu Jiu,Romania,,,,(i)(ii),,,,,,,,,,,,,,,,,,,,,,,,,,,
586,925,Rock Shelters of Bhimbetka,India,,,,(iii)(v),,,,,,,,,,,,,,,,,,,,,,,,,,,
587,598,Churches of Moldavia,Romania,,,,(i)(iv),,,,,,,,,,,,,,,,,,,,,,,,,,,
588,1027,Mining Area of the Great Copper Mountain in Falun,Sweden,,,,(ii)(iii)(v),,,,,,,,,,,,,,,,,,,,,,,,,,,
589,1439,Namhansanseong,Republic of Korea,,,,(ii)(iv),,,,,,,,,,,,,,,,,,,,,,,,,,,
590,995,Jesuit Block and Estancias of Córdoba,Argentina,,,,(ii)(iv),,,,,,,,,,,,,,,,,,,,,,,,,,,
591,1002,Ancient Villages in Southern Anhui – Xidi and Hongcun,China,,,,(iii)(iv)(v),,,,,,,,,,,,,,,,,,,,,,,,,,,
592,35,Asante Traditional Buildings,Ghana,,,,(v),,,,,,,,,,,,,,,,,,,,,,,,,,,
593,1348,Ancient Villages of Northern Syria,Syrian Arab Republic,,,,(iii)(iv)(v),,,,,,,,,,,,,,,,,,,,,,,,,,,
594,1111,Cultural Landscape of Honghe Hani Rice Terraces,China,,,,(iii)(v),,,,,,,,,,,,,,,,,,,,,,,,,,,
595,330,Chavin (Archaeological Site),Peru,,,,(iii),,,,,,,,,,,,,,,,,,,,,,,,,,,
596,1582,The Colonial Transisthmian Route of Panamá,Panama,,,,(ii)(iv),,,,,,,,,,,,,,,,,,,,,,,,,,,
597,575,Ban Chiang Archaeological Site,Thailand,,,,(iii),,,,,,,,,,,,,,,,,,,,,,,,,,,
598,1136,Luis Barragán House and Studio,Mexico,,,,(i)(ii),,,,,,,,,,,,,,,,,,,,,,,,,,,
599,1042,Old City of Acre,Israel,,,,(ii)(iii)(v),,,,,,,,,,,,,,,,,,,,,,,,,,,
600,1589,Landscape for Breeding and Training of Ceremonial Carriage Horses at Kladruby nad Labem,Czechia,,,,(iv)(v),,,,,,,,,,,,,,,,,,,,,,,,,,,
601,1372,The Persian Garden,Iran (Islamic Republic of),,,,(i)(ii)(iii)(iv)(vi),,,,,,,,,,,,,,,,,,,,,,,,,,,
602,1411,Ancient City of Tauric Chersonese and its Chora,Ukraine,,,,(ii)(v),,,,,,,,,,,,,,,,,,,,,,,,,,,
603,936,"Cueva de las Manos, Río Pinturas",Argentina,,,,(iii),,,,,,,,,,,,,,,,,,,,,,,,,,,
604,287,Rock-Art Sites of Tadrart Acacus,Libya,,,,(iii),,,,,,,,,,,,,,,,,,,,,,,,,,,
605,184,Archaeological Site of Sabratha,Libya,,,,(iii),,,,,,,,,,,,,,,,,,,,,,,,,,,
606,1456,Shahr-i Sokhta,Iran (Islamic Republic of),,,,(ii)(iii)(iv),,,,,,,,,,,,,,,,,,,,,,,,,,,
607,429,New Lanark,United Kingdom of Great Britain and Northern Ireland,,,,(ii)(iv)(vi),,,,,,,,,,,,,,,,,,,,,,,,,,,
608,1181,"Le Havre, the City Rebuilt by Auguste Perret",France,,,,(ii)(iv),,,,,,,,,,,,,,,,,,,,,,,,,,,
609,689,As-Salt - The Place of Tolerance and Urban Hospitality,Jordan,,,,(ii)(iii),,,,,,,,,,,,,,,,,,,,,,,,,,,
610,1593,Mozu-Furuichi Kofun Group: Mounded Tombs of Ancient Japan,Japan,,,,(iii)(iv),,,,,,,,,,,,,,,,,,,,,,,,,,,
611,570,Butrint,Albania,,,,(iii),,,,,,,,,,,,,,,,,,,,,,,,,,,
612,1142,Sacred Sites and Pilgrimage Routes in the Kii Mountain Range,Japan,,,,(ii)(iii)(iv)(vi),,,,,,,,,,,,,,,,,,,,,,,,,,,
613,1594,Jodrell Bank Observatory,United Kingdom of Great Britain and Northern Ireland,,,,(i)(ii)(iv)(vi),,,,,,,,,,,,,,,,,,,,,,,,,,,
614,515,Abbey and Altenmünster of Lorsch,Germany,,,,(iii)(iv),,,,,,,,,,,,,,,,,,,,,,,,,,,
615,27,Mesa Verde National Park,United States of America,,,,(iii),,,,,,,,,,,,,,,,,,,,,,,,,,,
616,1368,Fagus Factory in Alfeld,Germany,,,,(ii)(iv),,,,,,,,,,,,,,,,,,,,,,,,,,,
617,1026,Val d'Orcia,Italy,,,,(iv)(vi),,,,,,,,,,,,,,,,,,,,,,,,,,,
618,160,Palace and Park of Fontainebleau,France,,,,(ii)(vi),,,,,,,,,,,,,,,,,,,,,,,,,,,
619,278,Babylon,Iraq,,,,(iii)(vi),,,,,,,,,,,,,,,,,,,,,,,,,,,
620,168,Speyer Cathedral,Germany,,,,(ii),,,,,,,,,,,,,,,,,,,,,,,,,,,
621,687,Völklingen Ironworks,Germany,,,,(ii)(iv),,,,,,,,,,,,,,,,,,,,,,,,,,,
622,1066,Upper Middle Rhine Valley,Germany,,,,(ii)(iv)(v),,,,,,,,,,,,,,,,,,,,,,,,,,,
623,398,Castel del Monte,Italy,,,,(i)(ii)(iii),,,,,,,,,,,,,,,,,,,,,,,,,,,
624,1108,"Biblical Tels - Megiddo, Hazor, Beer Sheba",Israel,,,,(ii)(iii)(iv)(vi),,,,,,,,,,,,,,,,,,,,,,,,,,,
625,1140,"Koutammakou, the Land of the Batammariba","Benin,Togo",,,,(v)(vi),,,,,,,,,,,,,,,,,,,,,,,,,,,
626,836,Archaeological Site of Volubilis,Morocco,,,,(ii)(iii)(iv)(vi),,,,,,,,,,,,,,,,,,,,,,,,,,,
627,1660,Viking-Age Ring Fortresses,Denmark,,,,(iii)(iv),,,,,,,,,,,,,,,,,,,,,,,,,,,
628,1278,Historic Monuments and Sites in Kaesong,Democratic People's Republic of Korea,,,,(ii)(iii),,,,,,,,,,,,,,,,,,,,,,,,,,,
629,1469,The par force hunting landscape in North Zealand,Denmark,,,,(ii)(iv),,,,,,,,,,,,,,,,,,,,,,,,,,,
630,483,Pre-Hispanic City of Chichen-Itza,Mexico,,,,(i)(ii)(iii),,,,,,,,,,,,,,,,,,,,,,,,,,,
631,781,Historic Walled Town of Cuenca,Spain,,,,(ii)(v),,,,,,,,,,,,,,,,,,,,,,,,,,,
632,1555,Colonies of Benevolence,"Belgium,Netherlands (Kingdom of the)",,,,(ii)(iv),,,,,,,,,,,,,,,,,,,,,,,,,,,
633,1624,Chankillo Archaeoastronomical Complex,Peru,,,,(i)(iv),,,,,,,,,,,,,,,,,,,,,,,,,,,
634,1302,"La Chaux-de-Fonds / Le Locle, Watchmaking Town Planning",Switzerland,,,,(iv),,,,,,,,,,,,,,,,,,,,,,,,,,,
635,125,Natural and Culturo-Historical Region of Kotor,Montenegro,,,,(i)(ii)(iii)(iv),,,,,,,,,,,,,,,,,,,,,,,,,,,
636,1081,Orkhon Valley Cultural Landscape,Mongolia,,,,(ii)(iii)(iv),,,,,,,,,,,,,,,,,,,,,,,,,,,
637,1698,Sado Island Gold Mines,Japan,,,,(iv),,,,,,,,,,,,,,,,,,,,,,,,,,,
638,1004,Imperial Tombs of the Ming and Qing Dynasties,China,,,,(i)(ii)(iii)(iv)(vi),,,,,,,,,,,,,,,,,,,,,,,,,,,
639,1743,Rock Paintings of Shulgan-Tash Cave,Russian Federation,,,,(iii),,,,,,,,,,,,,,,,,,,,,,,,,,,
640,1542,Dilmun Burial Mounds,Bahrain,,,,(iii)(iv),,,,,,,,,,,,,,,,,,,,,,,,,,,
641,208,Cultural Landscape and Archaeological Remains of the Bamiyan Valley,Afghanistan,,,,(i)(ii)(iii)(iv)(vi),,,,,,,,,,,,,,,,,,,,,,,,,,,
642,217,Ancient City of Nessebar,Bulgaria,,,,(iii)(iv),,,,,,,,,,,,,,,,,,,,,,,,,,,
643,1208,Bam and its Cultural Landscape,Iran (Islamic Republic of),,,,(ii)(iii)(iv)(v),,,,,,,,,,,,,,,,,,,,,,,,,,,
644,1101,Champaner-Pavagadh Archaeological Park,India,,,,(iii)(iv)(v)(vi),,,,,,,,,,,,,,,,,,,,,,,,,,,
645,709,Upper Svaneti,Georgia,,,,(iv)(v),,,,,,,,,,,,,,,,,,,,,,,,,,,
646,206,Central Zone of the Town of Angra do Heroismo in the Azores,Portugal,,,,(iv)(vi),,,,,,,,,,,,,,,,,,,,,,,,,,,
647,1225,Ruins of Loropéni,Burkina Faso,,,,(iii),,,,,,,,,,,,,,,,,,,,,,,,,,,
648,582,Old Rauma,Finland,,,,(iv)(v),,,,,,,,,,,,,,,,,,,,,,,,,,,
649,812,Ancient City of Ping Yao,China,,,,(ii)(iii)(iv),,,,,,,,,,,,,,,,,,,,,,,,,,,
650,1529,Taputapuātea,France,,,,(iii)(iv)(vi),,,,,,,,,,,,,,,,,,,,,,,,,,,
651,1538,"Ivrea, industrial city of the 20th century",Italy,,,,(iv),,,,,,,,,,,,,,,,,,,,,,,,,,,
652,1412,Red Bay Basque Whaling Station,Canada,,,,(iii)(iv),,,,,,,,,,,,,,,,,,,,,,,,,,,
653,556,Engelsberg Ironworks,Sweden,,,,(iv),,,,,,,,,,,,,,,,,,,,,,,,,,,
654,959,Historic Quarter of the Seaport City of Valparaíso,Chile,,,,(iii),,,,,,,,,,,,,,,,,,,,,,,,,,,
655,738,Jongmyo Shrine,Republic of Korea,,,,(iv),,,,,,,,,,,,,,,,,,,,,,,,,,,
656,737,"Haeinsa Temple Janggyeong Panjeon, the Depositories for the <I>Tripitaka Koreana</I> Woodblocks",Republic of Korea,,,,(iv)(vi),,,,,,,,,,,,,,,,,,,,,,,,,,,
657,734,Historic Villages of Shirakawa-go and Gokayama,Japan,,,,(iv)(v),,,,,,,,,,,,,,,,,,,,,,,,,,,
658,1623,Padua’s fourteenth-century fresco cycles,Italy,,,,(ii),,,,,,,,,,,,,,,,,,,,,,,,,,,
659,775,Hiroshima Peace Memorial (Genbaku Dome),Japan,,,,(vi),,,,,,,,,,,,,,,,,,,,,,,,,,,
660,83,Palace and Park of Versailles,France,,,,(i)(ii)(vi),,,,,,,,,,,,,,,,,,,,,,,,,,,
661,913,Shrines and Temples of Nikko,Japan,,,,(i)(iv)(vi),,,,,,,,,,,,,,,,,,,,,,,,,,,
662,1440,Great Burkhan Khaldun Mountain and its surrounding sacred landscape,Mongolia,,,,(iv)(vi),,,,,,,,,,,,,,,,,,,,,,,,,,,
663,269,Benedictine Convent of St John at Müstair,Switzerland,,,,(iii),,,,,,,,,,,,,,,,,,,,,,,,,,,
664,555,Birka and Hovgården,Sweden,,,,(iii)(iv),,,,,,,,,,,,,,,,,,,,,,,,,,,
665,922,"Rani-ki-Vav (the Queen’s Stepwell) at Patan, Gujarat",India,,,,(i)(iv),,,,,,,,,,,,,,,,,,,,,,,,,,,
666,1713,Royal Court of Tiébélé,Burkina Faso,,,,(iii),,,,,,,,,,,,,,,,,,,,,,,,,,,
667,34,"Forts and Castles, Volta, Greater Accra, Central and Western Regions",Ghana,,,,(vi),,,,,,,,,,,,,,,,,,,,,,,,,,,
668,1127,Muskauer Park / Park Mużakowski,"Germany,Poland",,,,(i)(iv),,,,,,,,,,,,,,,,,,,,,,,,,,,
669,751,Verla Groundwood and Board Mill,Finland,,,,(iv),,,,,,,,,,,,,,,,,,,,,,,,,,,
670,1040,Masada,Israel,,,,(iii)(iv)(vi),,,,,,,,,,,,,,,,,,,,,,,,,,,
671,44,Thracian Tomb of Kazanlak,Bulgaria,,,,(i)(iii)(iv),,,,,,,,,,,,,,,,,,,,,,,,,,,
672,1118,Osun-Osogbo Sacred Grove,Nigeria,,,,(ii)(iii)(vi),,,,,,,,,,,,,,,,,,,,,,,,,,,
673,938,Sukur Cultural Landscape,Nigeria,,,,(iii)(v)(vi),,,,,,,,,,,,,,,,,,,,,,,,,,,
674,546,Maulbronn Monastery Complex,Germany,,,,(ii)(iv),,,,,,,,,,,,,,,,,,,,,,,,,,,
675,1351,Camino Real de Tierra Adentro,Mexico,,,,(ii)(iv),,,,,,,,,,,,,,,,,,,,,,,,,,,
676,1274,Protective town of San Miguel and the Sanctuary of Jesús Nazareno de Atotonilco,Mexico,,,,(ii)(iv),,,,,,,,,,,,,,,,,,,,,,,,,,,
677,198,Cahokia Mounds State Historic Site,United States of America,,,,(iii)(iv),,,,,,,,,,,,,,,,,,,,,,,,,,,
678,1709,Murujuga Cultural Landscape,Australia,,,,(i)(iii)(v),,,,,,,,,,,,,,,,,,,,,,,,,,,
679,1401,"Rabat, Modern Capital and Historic City: a Shared Heritage",Morocco,,,,(ii)(iv),,,,,,,,,,,,,,,,,,,,,,,,,,,
680,1370,Caves of Maresha and Bet-Guvrin in the Judean Lowlands as a Microcosm of the Land of the Caves,Israel,,,,(v),,,,,,,,,,,,,,,,,,,,,,,,,,,
681,358,Great Mosque and Hospital of Divriği,Türkiye,,,,(i)(iv),,,,,,,,,,,,,,,,,,,,,,,,,,,
682,803,Las Médulas,Spain,,,,(i)(ii)(iii)(i)(v),,,,,,,,,,,,,,,,,,,,,,,,,,,
683,381,Old City of Salamanca,Spain,,,,(i)(ii)(i)(v),,,,,,,,,,,,,,,,,,,,,,,,,,,
684,853,Early Christian Necropolis of Pécs (Sopianae),Hungary,,,,(iii)(iv),,,,,,,,,,,,,,,,,,,,,,,,,,,
685,183,Archaeological Site of Leptis Magna,Libya,,,,(i)(ii)(iii),,,,,,,,,,,,,,,,,,,,,,,,,,,
686,1333,Konso Cultural Landscape,Ethiopia,,,,(iii)(v),,,,,,,,,,,,,,,,,,,,,,,,,,,
687,1700,"Landmarks of the Ancient Kingdom of Saba, Marib",Yemen,,,,(iii)(iv),,,,,,,,,,,,,,,,,,,,,,,,,,,
688,1423,Cultural Landscape of Maymand,Iran (Islamic Republic of),,,,(v),,,,,,,,,,,,,,,,,,,,,,,,,,,
689,242,Ajanta Caves,India,,,,(i)(ii)(iii)(vi),,,,,,,,,,,,,,,,,,,,,,,,,,,
690,295,Byblos,Lebanon,,,,(iii)(iv)(vi),,,,,,,,,,,,,,,,,,,,,,,,,,,
691,1671,The Cosmological Axis of Yogyakarta and its Historic Landmarks,Indonesia,,,,(ii)(iii),,,,,,,,,,,,,,,,,,,,,,,,,,,
692,565,Kasbah of Algiers,Algeria,,,,(ii)(v),,,,,,,,,,,,,,,,,,,,,,,,,,,
693,1371,Cultural Landscape of the Serra de Tramuntana,Spain,,,,(ii)(iv)(v),,,,,,,,,,,,,,,,,,,,,,,,,,,
694,824,"Botanical Garden (Orto Botanico), Padua",Italy,,,,(ii)(iii),,,,,,,,,,,,,,,,,,,,,,,,,,,
695,1250,Central University City Campus of the <i>Universidad Nacional Autónoma de México</i> (UNAM),Mexico,,,,(i)(ii)(iv),,,,,,,,,,,,,,,,,,,,,,,,,,,
696,243,Ellora Caves,India,,,,(i)(iii)(vi),,,,,,,,,,,,,,,,,,,,,,,,,,,
697,1718,Frontiers of the Roman Empire – Dacia,Romania,,,,(ii)(iii)(iv),,,,,,,,,,,,,,,,,,,,,,,,,,,
698,1650,The Porticoes of Bologna,Italy,,,,(iv),,,,,,,,,,,,,,,,,,,,,,,,,,,
699,4,L’Anse aux Meadows National Historic Site,Canada,,,,(vi),,,,,,,,,,,,,,,,,,,,,,,,,,,
700,1618,"Paseo del Prado and Buen Retiro, a landscape of Arts and Sciences",Spain,,,,(ii)(iv)(vi),,,,,,,,,,,,,,,,,,,,,,,,,,,
701,266,La Fortaleza and San Juan National Historic Site in Puerto Rico,United States of America,,,,(vi),,,,,,,,,,,,,,,,,,,,,,,,,,,
702,1689,Hopewell Ceremonial Earthworks,United States of America,,,,(i)(iii),,,,,,,,,,,,,,,,,,,,,,,,,,,
703,1329,At-Turaif District in ad-Dir'iyah,Saudi Arabia,,,,(iv)(v)(vi),,,,,,,,,,,,,,,,,,,,,,,,,,,
704,624,Town of Bamberg,Germany,,,,(ii)(iv),,,,,,,,,,,,,,,,,,,,,,,,,,,
705,1068,<I>Sacri Monti</I> of Piedmont and Lombardy,Italy,,,,(ii)(iv),,,,,,,,,,,,,,,,,,,,,,,,,,,
706,1631,Frontiers of the Roman Empire – The Lower German Limes,"Germany,Netherlands (Kingdom of the)",,,,(ii)(iii)(iv),,,,,,,,,,,,,,,,,,,,,,,,,,,
707,1678,Astronomical Observatories of Kazan Federal University,Russian Federation,,,,(ii)(iv),,,,,,,,,,,,,,,,,,,,,,,,,,,
708,561,Rangiri Dambulla Cave Temple,Sri Lanka,,,,(i)(vi),,,,,,,,,,,,,,,,,,,,,,,,,,,
709,1523,Churches of the Pskov School of Architecture,Russian Federation,,,,(ii),,,,,,,,,,,,,,,,,,,,,,,,,,,
710,175,Medici Villas and Gardens in Tuscany,Italy,,,,(ii)(iv)(vi),,,,,,,,,,,,,,,,,,,,,,,,,,,
711,1466,San Antonio Missions,United States of America,,,,(ii),,,,,,,,,,,,,,,,,,,,,,,,,,,
712,702,Earliest 16th-Century Monasteries on the Slopes of Popocatepetl,Mexico,,,,(ii)(iv),,,,,,,,,,,,,,,,,,,,,,,,,,,
713,1435,Monumental Earthworks of Poverty Point,United States of America,,,,(iii),,,,,,,,,,,,,,,,,,,,,,,,,,,
714,1344,Major Mining Sites of Wallonia,Belgium,,,,(ii)(iv),,,,,,,,,,,,,,,,,,,,,,,,,,,
715,353,Chaco Culture,United States of America,,,,(iii),,,,,,,,,,,,,,,,,,,,,,,,,,,
716,715,Rapa Nui National Park,Chile,,,,(i)(iii)(v),,,,,,,,,,,,,,,,,,,,,,,,,,,
717,1276,Rhaetian Railway in the Albula / Bernina Landscapes,"Italy,Switzerland",,,,(ii)(iv),,,,,,,,,,,,,,,,,,,,,,,,,,,
718,1328,Central Sector of the Imperial Citadel of Thang Long - Hanoi,Viet Nam,,,,(ii)(iii)(vi),,,,,,,,,,,,,,,,,,,,,,,,,,,
719,1345,Sheikh Safi al-din Khānegāh and Shrine Ensemble in Ardabil,Iran (Islamic Republic of),,,,(i)(ii)(iv),,,,,,,,,,,,,,,,,,,,,,,,,,,
720,722,Rice Terraces of the Philippine Cordilleras,Philippines,,,,(iii)(iv)(v),,,,,,,,,,,,,,,,,,,,,,,,,,,
721,1229,Crac des Chevaliers and Qal’at Salah El-Din,Syrian Arab Republic,,,,(ii)(iv),,,,,,,,,,,,,,,,,,,,,,,,,,,
722,905,Kalwaria Zebrzydowska: the Mannerist Architectural and Park Landscape Complex and Pilgrimage Park,Poland,,,,(ii)(iv),,,,,,,,,,,,,,,,,,,,,,,,,,,
723,1537,Ancient City of Qalhat,Oman,,,,(ii)(iii),,,,,,,,,,,,,,,,,,,,,,,,,,,
724,1449,Tomioka Silk Mill and Related Sites,Japan,,,,(ii)(iv),,,,,,,,,,,,,,,,,,,,,,,,,,,
725,1058,Portuguese City of Mazagan (El Jadida),Morocco,,,,(ii)(iv),,,,,,,,,,,,,,,,,,,,,,,,,,,
726,1239,Berlin Modernism Housing Estates,Germany,,,,(ii)(iv),,,,,,,,,,,,,,,,,,,,,,,,,,,
727,1223,"Melaka and George Town, Historic Cities of the Straits of Malacca",Malaysia,,,,(ii)(iii)(iv),,,,,,,,,,,,,,,,,,,,,,,,,,,
728,268,Abbey of St Gall,Switzerland,,,,(ii)(iv),,,,,,,,,,,,,,,,,,,,,,,,,,,
729,1160,Madriu-Perafita-Claror Valley,Andorra,,,,(v),,,,,,,,,,,,,,,,,,,,,,,,,,,
730,1389,Site of Xanadu,China,,,,(ii)(iii)(iv)(vi),,,,,,,,,,,,,,,,,,,,,,,,,,,
731,739,Schokland and Surroundings,Netherlands (Kingdom of the),,,,(iii)(v),,,,,,,,,,,,,,,,,,,,,,,,,,,
732,1338,"The Jantar Mantar, Jaipur",India,,,,(iii)(iv),,,,,,,,,,,,,,,,,,,,,,,,,,,
733,1426,"Decorated Cave of Pont d’Arc, known as Grotte Chauvet-Pont d’Arc, Ardèche",France,,,,(i)(iii),,,,,,,,,,,,,,,,,,,,,,,,,,,
734,675,Joya de Cerén Archaeological Site,El Salvador,,,,(iii)(iv),,,,,,,,,,,,,,,,,,,,,,,,,,,
735,1610,Ombilin Coal Mining Heritage of Sawahlunto,Indonesia,,,,(ii)(iv),,,,,,,,,,,,,,,,,,,,,,,,,,,
736,1346,Tabriz Historic Bazaar Complex,Iran (Islamic Republic of),,,,(ii)(iii)(iv),,,,,,,,,,,,,,,,,,,,,,,,,,,
737,831,Archaeological Area of Agrigento,Italy,,,,(i)(ii)(iii)(iv),,,,,,,,,,,,,,,,,,,,,,,,,,,
738,1506,The Persian Qanat,Iran (Islamic Republic of),,,,(iii)(iv),,,,,,,,,,,,,,,,,,,,,,,,,,,
739,1141,Proto-urban Site of Sarazm,Tajikistan,,,,(ii)(iii),,,,,,,,,,,,,,,,,,,,,,,,,,,
740,1726,"The Palaces of King Ludwig II of Bavaria: Neuschwanstein, Linderhof, Schachen and Herrenchiemsee",Germany,,,,(iv),,,,,,,,,,,,,,,,,,,,,,,,,,,
741,1705,Schwerin Residence Ensemble,Germany,,,,(iv),,,,,,,,,,,,,,,,,,,,,,,,,,,
742,1561,Quanzhou: Emporium of the World in Song-Yuan China,China,,,,(iv),,,,,,,,,,,,,,,,,,,,,,,,,,,
743,1253,"Gamzigrad-Romuliana, Palace of Galerius",Serbia,,,,(iii)(iv),,,,,,,,,,,,,,,,,,,,,,,,,,,
744,1483,Singapore Botanic Gardens,Singapore,,,,(ii)(iv),,,,,,,,,,,,,,,,,,,,,,,,,,,
745,293,Anjar,Lebanon,,,,(iii)(iv),,,,,,,,,,,,,,,,,,,,,,,,,,,
746,1496,The 20th-Century Architecture of Frank Lloyd Wright,United States of America,,,,(ii),,,,,,,,,,,,,,,,,,,,,,,,,,,
747,1588,Bagan,Myanmar,,,,(iii)(iv)(vi),,,,,,,,,,,,,,,,,,,,,,,,,,,
748,772,Fertö / Neusiedlersee Cultural Landscape,"Austria,Hungary",,,,(v),,,,,,,,,,,,,,,,,,,,,,,,,,,
749,783,Luther Memorials in Eisleben and Wittenberg,Germany,,,,(iv)(vi),,,,,,,,,,,,,,,,,,,,,,,,,,,
750,620,"Levoča, Spišský Hrad and the Associated Cultural Monuments",Slovakia,,,,(iv),,,,,,,,,,,,,,,,,,,,,,,,,,,
751,1240,Stari Grad Plain,Croatia,,,,(ii)(iii)(v),,,,,,,,,,,,,,,,,,,,,,,,,,,
752,1694,Wooden Hypostyle Mosques of Medieval Anatolia,Türkiye,,,,(ii)(iv),,,,,,,,,,,,,,,,,,,,,,,,,,,
753,1511,"Mbanza Kongo, Vestiges of the Capital of the former Kingdom of Kongo",Angola,,,,(iii)(iv),,,,,,,,,,,,,,,,,,,,,,,,,,,
754,1201,Mount Mulanje Cultural Landscape,Malawi,,,,(iii)(vi),,,,,,,,,,,,,,,,,,,,,,,,,,,
755,1683,Eisinga Planetarium in Franeker,Netherlands (Kingdom of the),,,,(iv),,,,,,,,,,,,,,,,,,,,,,,,,,,
756,930,Palmeral of Elche,Spain,,,,(ii)(v),,,,,,,,,,,,,,,,,,,,,,,,,,,
757,534,Garden Kingdom of Dessau-Wörlitz,Germany,,,,(ii)(iv),,,,,,,,,,,,,,,,,,,,,,,,,,,
758,1714,Beijing Central Axis: A Building Ensemble Exhibiting the Ideal Order of the Chinese Capital,China,,,,(iii)(iv),,,,,,,,,,,,,,,,,,,,,,,,,,,
759,188,M'Zab Valley,Algeria,,,,(ii)(iii)(v),,,,,,,,,,,,,,,,,,,,,,,,,,,
760,1712,The Cultural Landscape of Al-Faw Archaeological Area,Saudi Arabia,,,,(ii)(v),,,,,,,,,,,,,,,,,,,,,,,,,,,
761,1418,"Fujisan, sacred place and source of artistic inspiration",Japan,,,,(iii)(vi),,,,,,,,,,,,,,,,,,,,,,,,,,,
762,1319,Royal Tombs of the Joseon Dynasty,Republic of Korea,,,,(iii)(iv)(vi),,,,,,,,,,,,,,,,,,,,,,,,,,,
763,1533,Venetian Works of Defence between the 16th and 17th Centuries: <em>Stato da Terra</em> – Western <em>Stato da Mar</em>,"Croatia,Italy,Montenegro",,,,(iii)(iv),,,,,,,,,,,,,,,,,,,,,,,,,,,
764,559,Royal Domain of Drottningholm,Sweden,,,,(iv),,,,,,,,,,,,,,,,,,,,,,,,,,,
765,422,The English Lake District,United Kingdom of Great Britain and Northern Ireland,,,,(ii)(v)(vi),,,,,,,,,,,,,,,,,,,,,,,,,,,
766,1221,Rideau Canal,Canada,,,,(i)(iv),,,,,,,,,,,,,,,,,,,,,,,,,,,
767,267,Old City of Berne,Switzerland,,,,(iii),,,,,,,,,,,,,,,,,,,,,,,,,,,
768,440,Mogao Caves,China,,,,(i)(ii)(iii)(iv)(v)(vi),,,,,,,,,,,,,,,,,,,,,,,,,,,
769,763,Lednice-Valtice Cultural Landscape,Czechia,,,,(i)(ii)(iv),,,,,,,,,,,,,,,,,,,,,,,,,,,
770,994,Curonian Spit,"Lithuania,Russian Federation",,,,(v),,,,,,,,,,,,,,,,,,,,,,,,,,,
771,632,Cultural and Historic Ensemble of the Solovetsky Islands,Russian Federation,,,,(iv),,,,,,,,,,,,,,,,,,,,,,,,,,,
772,1748,Cambodian Memorial Sites: From centres of repression to places of peace and reflection,Cambodia,,,,(vi),,,,,,,,,,,,,,,,,,,,,,,,,,,
773,1287,Mantua and Sabbioneta,Italy,,,,(ii)(iii),,,,,,,,,,,,,,,,,,,,,,,,,,,
774,1553,Archaeological Border complex of Hedeby and the Danevirke,Germany,,,,(iii)(iv),,,,,,,,,,,,,,,,,,,,,,,,,,,
775,868,Routes of Santiago de Compostela in France,France,,,,(ii)(iv)(vi),,,,,,,,,,,,,,,,,,,,,,,,,,,
776,1695,Zagori Cultural Landscape,Greece,,,,(v),,,,,,,,,,,,,,,,,,,,,,,,,,,
777,1028,Saltaire,United Kingdom of Great Britain and Northern Ireland,,,,(ii)(iv),,,,,,,,,,,,,,,,,,,,,,,,,,,
778,1602,Ancient Ferrous Metallurgy Sites of Burkina Faso,Burkina Faso,,,,(iii)(iv)(vi),,,,,,,,,,,,,,,,,,,,,,,,,,,
779,1024,Late Baroque Towns of the Val di Noto (South-Eastern Sicily),Italy,,,,(i)(ii)(iv)(v),,,,,,,,,,,,,,,,,,,,,,,,,,,
780,1437,Erbil Citadel,Iraq,,,,(iv),,,,,,,,,,,,,,,,,,,,,,,,,,,
781,1279,Mount Wutai,China,,,,(ii)(iii)(iv)(vi),,,,,,,,,,,,,,,,,,,,,,,,,,,
782,1586,"Memorial sites of the Genocide: Nyamata, Murambi, Gisozi and Bisesero",Rwanda,,,,(vi),,,,,,,,,,,,,,,,,,,,,,,,,,,
783,564,Old City of Zamość,Poland,,,,(iv),,,,,,,,,,,,,,,,,,,,,,,,,,,
784,1187,Struve Geodetic Arc,"Belarus,Estonia,Finland,Latvia,Lithuania,Norway,Republic of Moldova,Russian Federation,Sweden,Ukraine",,,,(ii)(iv)(vi),,,,,,,,,,,,,,,,,,,,,,,,,,,
785,163,"Roman Theatre and its Surroundings and the ""Triumphal Arch"" of Orange",France,,,,(iii)(vi),,,,,,,,,,,,,,,,,,,,,,,,,,,
786,1003,Longmen Grottoes,China,,,,(i)(ii)(iii),,,,,,,,,,,,,,,,,,,,,,,,,,,
787,1614,Mathildenhöhe Darmstadt,Germany,,,,(ii)(iv),,,,,,,,,,,,,,,,,,,,,,,,,,,
788,359,Thracian Tomb of Sveshtari,Bulgaria,,,,(i)(iii),,,,,,,,,,,,,,,,,,,,,,,,,,,
789,929,San Cristóbal de La Laguna,Spain,,,,(ii)(i)(v),,,,,,,,,,,,,,,,,,,,,,,,,,,
790,1183,Kondoa Rock-Art Sites,United Republic of Tanzania,,,,(iii)(vi),,,,,,,,,,,,,,,,,,,,,,,,,,,
791,102,Al Qal'a of Beni Hammad,Algeria,,,,(iii),,,,,,,,,,,,,,,,,,,,,,,,,,,
792,306,Matobo Hills,Zimbabwe,,,,(iii)(v)(vi),,,,,,,,,,,,,,,,,,,,,,,,,,,
793,1577,Budj Bim Cultural Landscape,Australia,,,,(iii)(v),,,,,,,,,,,,,,,,,,,,,,,,,,,
794,1152,Þingvellir National Park,Iceland,,,,(iii)(vi),,,,,,,,,,,,,,,,,,,,,,,,,,,
795,1021,Tsodilo,Botswana,,,,(i)(iii)(vi),,,,,,,,,,,,,,,,,,,,,,,,,,,
796,1207,<i>Aflaj</i> Irrigation Systems of Oman,Oman,,,,(v),,,,,,,,,,,,,,,,,,,,,,,,,,,
797,897,Wartburg Castle,Germany,,,,(iii)(vi),,,,,,,,,,,,,,,,,,,,,,,,,,,
798,1310,"Cidade Velha, Historic Centre of Ribeira Grande",Cabo Verde,,,,(ii)(iii)(vi),,,,,,,,,,,,,,,,,,,,,,,,,,,
799,85,Prehistoric Sites and Decorated Caves of the Vézère Valley,France,,,,(i)(iii),,,,,,,,,,,,,,,,,,,,,,,,,,,
800,1318,Longobards in Italy. Places of the Power (568-774 A.D.),Italy,,,,(ii)(iii)(vi),,,,,,,,,,,,,,,,,,,,,,,,,,,
801,1425,"The Climats, terroirs of Burgundy",France,,,,(iii)(v),,,,,,,,,,,,,,,,,,,,,,,,,,,
802,1740,Petroglyphs along the Bangucheon Stream,Republic of Korea,,,,(i)(iii),,,,,,,,,,,,,,,,,,,,,,,,,,,
803,1117,Landscape of the Pico Island Vineyard Culture,Portugal,,,,(iii)(v),,,,,,,,,,,,,,,,,,,,,,,,,,,
804,1113,Fujian <em>Tulou</em>,China,,,,(iii)(iv)(v),,,,,,,,,,,,,,,,,,,,,,,,,,,
805,1721,Umm Al-Jimāl,Jordan,,,,(iii),,,,,,,,,,,,,,,,,,,,,,,,,,,
806,138,Archaeological Ruins at Moenjodaro,Pakistan,,,,(ii)(iii),,,,,,,,,,,,,,,,,,,,,,,,,,,
807,1010,Land of Frankincense,Oman,,,,(iii)(iv),,,,,,,,,,,,,,,,,,,,,,,,,,,
808,1413,Bergpark Wilhelmshöhe,Germany,,,,(iii)(iv),,,,,,,,,,,,,,,,,,,,,,,,,,,
809,1587,Megalithic Jar Sites in Xiengkhuang – Plain of Jars,Lao People's Democratic Republic,,,,(iii),,,,,,,,,,,,,,,,,,,,,,,,,,,
810,1143,Vegaøyan – The Vega Archipelago,Norway,,,,(v),,,,,,,,,,,,,,,,,,,,,,,,,,,
811,1236,León Cathedral,Nicaragua,,,,(ii)(iv),,,,,,,,,,,,,,,,,,,,,,,,,,,
812,476,Chongoni Rock-Art Area,Malawi,,,,(iii)(vi),,,,,,,,,,,,,,,,,,,,,,,,,,,
813,606,Serra da Capivara National Park,Brazil,,,,(iii),,,,,,,,,,,,,,,,,,,,,,,,,,,
814,840,Viñales Valley,Cuba,,,,(iv),,,,,,,,,,,,,,,,,,,,,,,,,,,
815,79,Paphos,Cyprus,,,,(iii)(vi),,,,,,,,,,,,,,,,,,,,,,,,,,,
816,1536,Kujataa Greenland: Norse and Inuit Farming at the Edge of the Ice Cap,Denmark,,,,(v),,,,,,,,,,,,,,,,,,,,,,,,,,,
817,1704,Wixárika Route through Sacred Sites to Wirikuta (Tatehuarí Huajuyé),Mexico,,,,(iii)(vi),,,,,,,,,,,,,,,,,,,,,,,,,,,
818,714,Rock Paintings of the Sierra de San Francisco,Mexico,,,,(i)(iii),,,,,,,,,,,,,,,,,,,,,,,,,,,
819,1107,Incense Route - Desert Cities in the Negev,Israel,,,,(iii)(v),,,,,,,,,,,,,,,,,,,,,,,,,,,
820,1360,Nord-Pas de Calais Mining Basin,France,,,,(ii)(iv)(vi),,,,,,,,,,,,,,,,,,,,,,,,,,,
821,1558,Žatec and the Landscape of Saaz Hops,Czechia,,,,(iii)(iv)(v),,,,,,,,,,,,,,,,,,,,,,,,,,,
822,1272,São Francisco Square in the Town of São Cristóvão,Brazil,,,,(ii)(iv),,,,,,,,,,,,,,,,,,,,,,,,,,,
823,1100,Rio de Janeiro: Carioca Landscapes between the Mountain and the Sea,Brazil,,,,(v)(vi),,,,,,,,,,,,,,,,,,,,,,,,,,,
824,1723,The Emergence of Modern Human Behaviour: The Pleistocene Occupation Sites of South Africa,South Africa,,,,(iii)(i)(v)(v),,,,,,,,,,,,,,,,,,,,,,,,,,,
825,1580,Water Management System of Augsburg,Germany,,,,(ii)(iv),,,,,,,,,,,,,,,,,,,,,,,,,,,
826,1676,"Human Rights, Liberation and Reconciliation: Nelson Mandela Legacy Sites",South Africa,,,,(vi),,,,,,,,,,,,,,,,,,,,,,,,,,,
827,1527,Caves and Ice Age Art in the Swabian Jura,Germany,,,,(iii),,,,,,,,,,,,,,,,,,,,,,,,,,,
828,622,Vlkolínec,Slovakia,,,,(iv)(v),,,,,,,,,,,,,,,,,,,,,,,,,,,
829,1359,Saloum Delta,Senegal,,,,(iii)(iv)(v),,,,,,,,,,,,,,,,,,,,,,,,,,,
830,915,Fossil Hominid Sites of South Africa,South Africa,,,,(iii)(vi),,,,,,,,,,,,,,,,,,,,,,,,,,,
831,216,Rila Monastery,Bulgaria,,,,(vi),,,,,,,,,,,,,,,,,,,,,,,,,,,
832,1063,Tokaj Wine Region Historic Cultural Landscape,Hungary,,,,(iii)(v),,,,,,,,,,,,,,,,,,,,,,,,,,,
833,1313,Heritage of Mercury. Almadén and Idrija,"Slovenia,Spain",,,,(ii)(iv),,,,,,,,,,,,,,,,,,,,,,,,,,,
834,1277,"Hiraizumi – Temples, Gardens and Archaeological Sites Representing the Buddhist Pure Land",Japan,,,,(ii)(vi),,,,,,,,,,,,,,,,,,,,,,,,,,,
835,1647,Cultural Landscape of Hawraman/Uramanat,Iran (Islamic Republic of),,,,(iii)(v),,,,,,,,,,,,,,,,,,,,,,,,,,,
836,1315,Shushtar Historical Hydraulic System,Iran (Islamic Republic of),,,,(i)(ii)(v),,,,,,,,,,,,,,,,,,,,,,,,,,,
837,193,Tipasa,Algeria,,,,(iii)(iv),,,,,,,,,,,,,,,,,,,,,,,,,,,
838,1030,Derwent Valley Mills,United Kingdom of Great Britain and Northern Ireland,,,,(ii)(iv),,,,,,,,,,,,,,,,,,,,,,,,,,,
839,1262,Armenian Monastic Ensembles of Iran,Iran (Islamic Republic of),,,,(ii)(iii)(vi),,,,,,,,,,,,,,,,,,,,,,,,,,,
840,23,Site of Palmyra,Syrian Arab Republic,,,,(i)(ii)(iv),,,,,,,,,,,,,,,,,,,,,,,,,,,
841,1246,Iwami Ginzan Silver Mine and its Cultural Landscape,Japan,,,,(ii)(iii)(v),,,,,,,,,,,,,,,,,,,,,,,,,,,
842,943,Belfries of Belgium and France,"Belgium,France",,,,(ii)(iv),,,,,,,,,,,,,,,,,,,,,,,,,,,
843,614,City of Safranbolu,Türkiye,,,,(ii)(iv)(v),,,,,,,,,,,,,,,,,,,,,,,,,,,
844,875,Archaeological Ensemble of Tarraco,Spain,,,,(ii)(iii),,,,,,,,,,,,,,,,,,,,,,,,,,,
845,1477,Baekje Historic Areas,Republic of Korea,,,,(ii)(iii),,,,,,,,,,,,,,,,,,,,,,,,,,,
846,1001,Mount Qingcheng and the Dujiangyan Irrigation System,China,,,,(ii)(iv)(vi),,,,,,,,,,,,,,,,,,,,,,,,,,,
847,972,Gusuku Sites and Related Properties of the Kingdom of Ryukyu,Japan,,,,(ii)(iii)(vi),,,,,,,,,,,,,,,,,,,,,,,,,,,
848,1153,"The Causses and the Cévennes, Mediterranean agro-pastoral Cultural Landscape",France,,,,(iii)(v),,,,,,,,,,,,,,,,,,,,,,,,,,,
849,975,Zollverein Coal Mine Industrial Complex in Essen,Germany,,,,(ii)(iii),,,,,,,,,,,,,,,,,,,,,,,,,,,
850,855,Flemish Béguinages,Belgium,,,,(ii)(iii)(iv),,,,,,,,,,,,,,,,,,,,,,,,,,,
851,896,"Museumsinsel (Museum Island), Berlin",Germany,,,,(ii)(iv),,,,,,,,,,,,,,,,,,,,,,,,,,,
852,669,Routes of Santiago de Compostela: <i>Camino Francés</i> and Routes of Northern Spain,Spain,,,,(ii)(iv)(vi),,,,,,,,,,,,,,,,,,,,,,,,,,,
853,1397,Masjed-e Jāmé of Isfahan,Iran (Islamic Republic of),,,,(ii),,,,,,,,,,,,,,,,,,,,,,,,,,,
854,1209,Agave Landscape and Ancient Industrial Facilities of Tequila,Mexico,,,,(ii)(iv)(v)(vi),,,,,,,,,,,,,,,,,,,,,,,,,,,
855,806,Hallstatt-Dachstein / Salzkammergut Cultural Landscape,Austria,,,,(iii)(iv),,,,,,,,,,,,,,,,,,,,,,,,,,,
856,1668,The Persian Caravanserai,Iran (Islamic Republic of),,,,(ii)(iii),,,,,,,,,,,,,,,,,,,,,,,,,,,
857,1464,Fray Bentos Industrial Landscape,Uruguay,,,,(ii)(iv),,,,,,,,,,,,,,,,,,,,,,,,,,,
858,1467,Speicherstadt and Kontorhaus District with Chilehaus,Germany,,,,(iv),,,,,,,,,,,,,,,,,,,,,,,,,,,
859,377,Hattusha: the Hittite Capital,Türkiye,,,,(i)(ii)(iii)(iv),,,,,,,,,,,,,,,,,,,,,,,,,,,
860,946,Old Bridge Area of the Old City of Mostar,Bosnia and Herzegovina,,,,(vi),,,,,,,,,,,,,,,,,,,,,,,,,,,
861,1396,Archaeological Heritage of the Lenggong Valley,Malaysia,,,,(iii)(iv),,,,,,,,,,,,,,,,,,,,,,,,,,,
862,17,Lower Valley of the Omo,Ethiopia,,,,(iii)(iv),,,,,,,,,,,,,,,,,,,,,,,,,,,
863,1339,Bikini Atoll Nuclear Test Site,Marshall Islands,,,,(iv)(vi),,,,,,,,,,,,,,,,,,,,,,,,,,,
864,1548,Valongo Wharf Archaeological Site,Brazil,,,,(vi),,,,,,,,,,,,,,,,,,,,,,,,,,,
865,1393,Sites of Human Evolution at Mount Carmel: The Nahal Me’arot / Wadi el-Mughara Caves,Israel,,,,(iii)(v),,,,,,,,,,,,,,,,,,,,,,,,,,,
866,1227,Aapravasi Ghat,Mauritius,,,,(vi),,,,,,,,,,,,,,,,,,,,,,,,,,,
867,1306,Australian Convict Sites,Australia,,,,(iv)(vi),,,,,,,,,,,,,,,,,,,,,,,,,,,
868,1613,The Great Spa Towns of Europe,"Austria,Belgium,Czechia,France,Germany,Italy,United Kingdom of Great Britain and Northern Ireland",,,,(ii)(iii),,,,,,,,,,,,,,,,,,,,,,,,,,,
869,1731,Sardis and the Lydian Tumuli of Bin Tepe,Türkiye,,,,(iii),,,,,,,,,,,,,,,,,,,,,,,,,,,
870,1137,Kernavė Archaeological Site (Cultural Reserve of Kernavė),Lithuania,,,,(iii)(iv),,,,,,,,,,,,,,,,,,,,,,,,,,,
871,1578,Risco Caido and the Sacred Mountains of Gran Canaria Cultural Landscape,Spain,,,,(iii)(v),,,,,,,,,,,,,,,,,,,,,,,,,,,
872,761,Kunta Kinteh Island and Related Sites,Gambia,,,,(iii)(vi),,,,,,,,,,,,,,,,,,,,,,,,,,,
873,912,Dazu Rock Carvings,China,,,,(i)(ii)(iii),,,,,,,,,,,,,,,,,,,,,,,,,,,
874,1194,Cultural Landscape of Bali Province: the <em>Subak</em> System as a Manifestation of the <em>Tri Hita Karana</em> Philosophy,Indonesia,,,,(iii)(v)(vi),,,,,,,,,,,,,,,,,,,,,,,,,,,
875,1564,Tr’ondëk-Klondike,Canada,,,,(iv),,,,,,,,,,,,,,,,,,,,,,,,,,,
876,1498,"Seowon, Korean Neo-Confucian Academies",Republic of Korea,,,,(iii),,,,,,,,,,,,,,,,,,,,,,,,,,,
877,730,Crespi d'Adda,Italy,,,,(iv)(v),,,,,,,,,,,,,,,,,,,,,,,,,,,
878,887,Kuk Early Agricultural Site,Papua New Guinea,,,,(iii)(iv),,,,,,,,,,,,,,,,,,,,,,,,,,,
879,1634,Settlement and Artificial Mummification of the Chinchorro Culture in the Arica and Parinacota Region,Chile,,,,(iii)(v),,,,,,,,,,,,,,,,,,,,,,,,,,,
880,1364,"Pearling, Testimony of an Island Economy",Bahrain,,,,(iii),,,,,,,,,,,,,,,,,,,,,,,,,,,
881,299,Tyre,Lebanon,,,,(iii)(vi),,,,,,,,,,,,,,,,,,,,,,,,,,,
882,1224,Temple of Preah Vihear,Cambodia,,,,(i),,,,,,,,,,,,,,,,,,,,,,,,,,,
883,1708,Via Appia. <em>Regina Viarum</em>,Italy,,,,(iii)(iv)(vi),,,,,,,,,,,,,,,,,,,,,,,,,,,
884,231,Red Fort Complex,India,,,,(ii)(iii)(vi),,,,,,,,,,,,,,,,,,,,,,,,,,,
885,1535,Sacred Island of Okinoshima and Associated Sites in the Munakata Region,Japan,,,,(ii)(iii),,,,,,,,,,,,,,,,,,,,,,,,,,,
886,1641,The Gedeo Cultural Landscape,Ethiopia,,,,(iii)(v),,,,,,,,,,,,,,,,,,,,,,,,,,,
887,1632,Jomon Prehistoric Sites in Northern Japan,Japan,,,,(iii)(v),,,,,,,,,,,,,,,,,,,,,,,,,,,
888,10,Lower Valley of the Awash,Ethiopia,,,,(ii)(iii)(iv),,,,,,,,,,,,,,,,,,,,,,,,,,,
889,1145,Petroglyphs of the Archaeological Landscape of Tanbaly,Kazakhstan,,,,(iii),,,,,,,,,,,,,,,,,,,,,,,,,,,
890,1471,Necropolis of Bet She’arim: A Landmark of Jewish Renewal,Israel,,,,(ii)(iii),,,,,,,,,,,,,,,,,,,,,,,,,,,
891,94,Rock Drawings in Valcamonica,Italy,,,,(iii)(vi),,,,,,,,,,,,,,,,,,,,,,,,,,,
892,166,Sydney Opera House,Australia,,,,(i),,,,,,,,,,,,,,,,,,,,,,,,,,,
893,1486,Rjukan-Notodden Industrial Heritage Site,Norway,,,,(ii)(iv),,,,,,,,,,,,,,,,,,,,,,,,,,,
894,1121,Coffee Cultural Landscape of Colombia,Colombia,,,,(v)(vi),,,,,,,,,,,,,,,,,,,,,,,,,,,
895,1745,Diy-Gid-Biy Cultural Landscape of the Mandara Mountains,Cameroon,,,,(iii),,,,,,,,,,,,,,,,,,,,,,,,,,,
896,1687,Ancient Jericho/Tell es-Sultan,State of Palestine,,,,(iii)(i)(v),,,,,,,,,,,,,,,,,,,,,,,,,,,
897,449,Peking Man Site at Zhoukoudian,China,,,,(iii)(vi),,,,,,,,,,,,,,,,,,,,,,,,,,,
898,1492,"Palestine: Land of Olives and Vines – Cultural Landscape of Southern Jerusalem, Battir",State of Palestine,,,,(i)(v)(v),,,,,,,,,,,,,,,,,,,,,,,,,,,
899,1688,Cultural Landscape of Kenozero Lake,Russian Federation,,,,(iii),,,,,,,,,,,,,,,,,,,,,,,,,,,
900,201,Ancient City of Polonnaruwa,Sri Lanka,,,,(i)(iii)(vi),,,,,,,,,,,,,,,,,,,,,,,,,,,
901,1474,Tusi Sites,China,,,,(ii)(iii),,,,,,,,,,,,,,,,,,,,,,,,,,,
902,1563,"Al-Ahsa Oasis, an Evolving Cultural Landscape",Saudi Arabia,,,,(iii)(iv)(v),,,,,,,,,,,,,,,,,,,,,,,,,,,
903,916,Robben Island,South Africa,,,,(iii)(vi),,,,,,,,,,,,,,,,,,,,,,,,,,,
904,1666,Gaya Tumuli,Republic of Korea,,,,(iii),,,,,,,,,,,,,,,,,,,,,,,,,,,
905,448,Nemrut Dağ,Türkiye,,,,(i)(iii)(iv),,,,,,,,,,,,,,,,,,,,,,,,,,,
906,1620,Sítio Roberto Burle Marx,Brazil,,,,(ii)(iv),,,,,,,,,,,,,,,,,,,,,,,,,,,
907,1453,Precolumbian Chiefdom Settlements with Stone Spheres of the Diquís,Costa Rica,,,,(iii),,,,,,,,,,,,,,,,,,,,,,,,,,,
908,666,"Lumbini, the Birthplace of the Lord Buddha",Nepal,,,,(iii)(vi),,,,,,,,,,,,,,,,,,,,,,,,,,,
909,1663,National Archaeological Park Tak’alik Ab’aj,Guatemala,,,,(ii)(iii),,,,,,,,,,,,,,,,,,,,,,,,,,,
910,1656,Jewish-Medieval Heritage of Erfurt,Germany,,,,(iv),,,,,,,,,,,,,,,,,,,,,,,,,,,
911,1112,Kaiping Diaolou and Villages,China,,,,(ii)(iii)(iv),,,,,,,,,,,,,,,,,,,,,,,,,,,
912,1256,"Bordeaux, Port of the Moon",France,,,,(ii)(iv),,,,,,,,,,,,,,,,,,,,,,,,,,,
913,1242,Parthian Fortresses of Nisa,Turkmenistan,,,,(ii)(iii),,,,,,,,,,,,,,,,,,,,,,,,,,,
914,1222,Bisotun,Iran (Islamic Republic of),,,,(ii)(iii),,,,,,,,,,,,,,,,,,,,,,,,,,,
915,1681,"ESMA Museum and Site of Memory – Former Clandestine Centre of Detention, Torture and Extermination",Argentina,,,,(vi),,,,,,,,,,,,,,,,,,,,,,,,,,,
916,1619,Ḥimā Cultural Area,Saudi Arabia,,,,(iii),,,,,,,,,,,,,,,,,,,,,,,,,,,
917,1230,Sulaiman-Too Sacred Mountain,Kyrgyzstan,,,,(iii)(vi),,,,,,,,,,,,,,,,,,,,,,,,,,,
918,1352,Prehistoric Caves of Yagul and Mitla in the Central Valley of Oaxaca,Mexico,,,,(iii),,,,,,,,,,,,,,,,,,,,,,,,,,,
919,1736,Xixia Imperial Tombs,China,,,,(ii)(iii),,,,,,,,,,,,,,,,,,,,,,,,,,,
920,1044,Aranjuez Cultural Landscape,Spain,,,,(ii)(iv),,,,,,,,,,,,,,,,,,,,,,,,,,,
921,36,Medina of Tunis,Tunisia,,,,(ii)(iii)(v),,,,,,,,,,,,,,,,,,,,,,,,,,,
922,1312,Tower of Hercules,Spain,,,,(iii),,,,,,,,,,,,,,,,,,,,,,,,,,,
923,1744,Prehistoric Sites of the Khorramabad Valley,Iran (Islamic Republic of),,,,(iii),,,,,,,,,,,,,,,,,,,,,,,,,,,
924,26,Island of Gorée,Senegal,,,,(vi),,,,,,,,,,,,,,,,,,,,,,,,,,,
925,593,Sangiran Early Man Site,Indonesia,,,,(iii)(vi),,,,,,,,,,,,,,,,,,,,,,,,,,,
926,43,Madara Rider,Bulgaria,,,,(i)(iii),,,,,,,,,,,,,,,,,,,,,,,,,,,
927,874,Rock Art of the Mediterranean Basin on the Iberian Peninsula,Spain,,,,(iii),,,,,,,,,,,,,,,,,,,,,,,,,,,
928,846,Classical Weimar,Germany,,,,(iii)(vi),,,,,,,,,,,,,,,,,,,,,,,,,,,
929,1571,Le Colline del Prosecco di Conegliano e Valdobbiadene,Italy,,,,(v),,,,,,,,,,,,,,,,,,,,,,,,,,,
930,157,S<U>G</U>ang Gwaay,Canada,,,,(iii),,,,,,,,,,,,,,,,,,,,,,,,,,,
931,989,Archaeological Site of Atapuerca,Spain,,,,(iii)(v),,,,,,,,,,,,,,,,,,,,,,,,,,,
932,1404,Landscape of Grand Pré,Canada,,,,(v)(vi),,,,,,,,,,,,,,,,,,,,,,,,,,,
933,968,Agricultural Landscape of Southern Öland,Sweden,,,,(iv)(v),,,,,,,,,,,,,,,,,,,,,,,,,,,
934,352,Rock Art of Alta,Norway,,,,(iii),,,,,,,,,,,,,,,,,,,,,,,,,,,
935,158,Head-Smashed-In Buffalo Jump,Canada,,,,(vi),,,,,,,,,,,,,,,,,,,,,,,,,,,
936,1446,Baptism Site “Bethany Beyond the Jordan” (Al-Maghtas),Jordan,,,,(iii)(vi),,,,,,,,,,,,,,,,,,,,,,,,,,,
937,700,Lines and Geoglyphs of Nasca and Palpa,Peru,,,,(i)(iii)(iv),,,,,,,,,,,,,,,,,,,,,,,,,,,
938,1231,Sacred Mijikenda Kaya Forests,Kenya,,,,(iii)(v)(vi),,,,,,,,,,,,,,,,,,,,,,,,,,,
939,1293,Hegra Archaeological Site (al-Hijr / Madā ͐ in Ṣāliḥ),Saudi Arabia,,,,(ii)(iii),,,,,,,,,,,,,,,,,,,,,,,,,,,
940,1382,Petroglyphic Complexes of the Mongolian Altai,Mongolia,,,,(iii),,,,,,,,,,,,,,,,,,,,,,,,,,,
941,1636,"ShUM Sites of Speyer, Worms and Mainz",Germany,,,,(ii)(iii)(vi),,,,,,,,,,,,,,,,,,,,,,,,,,,
942,1472,Rock Art in the Hail Region of Saudi Arabia,Saudi Arabia,,,,(i)(iii),,,,,,,,,,,,,,,,,,,,,,,,,,,
943,200,Sacred City of Anuradhapura,Sri Lanka,,,,(ii)(iii)(vi),,,,,,,,,,,,,,,,,,,,,,,,,,,
944,1508,Zuojiang Huashan Rock Art Cultural Landscape,China,,,,(iii)(vi),,,,,,,,,,,,,,,,,,,,,,,,,,,
945,1220,Bahá’i Holy Places in Haifa and the Western Galilee,Israel,,,,(iii)(vi),,,,,,,,,,,,,,,,,,,,,,,,,,,
946,1334,West Lake Cultural Landscape of Hangzhou,China,,,,(ii)(iii)(vi),,,,,,,,,,,,,,,,,,,,,,,,,,,
947,1390,Vineyard Landscape of Piedmont: Langhe-Roero and Monferrato,Italy,,,,(iii)(v),,,,,,,,,,,,,,,,,,,,,,,,,,,
948,866,Prehistoric Rock Art Sites in the Côa Valley and Siega Verde,"Portugal,Spain",,,,(i)(iii),,,,,,,,,,,,,,,,,,,,,,,,,,,
949,202,Ancient City of Sigiriya,Sri Lanka,,,,(ii)(iii)(i)(v),,,,,,,,,,,,,,,,,,,,,,,,,,,
950,1280,Chief Roi Mata’s Domain,Vanuatu,,,,(iii)(v)(vi),,,,,,,,,,,,,,,,,,,,,,,,,,,
951,1255,Twyfelfontein or /Ui-//aes,Namibia,,,,(iii)(v),,,,,,,,,,,,,,,,,,,,,,,,,,,
952,1557,Aasivissuit – Nipisat. Inuit Hunting Ground between Ice and Sea,Denmark,,,,(v),,,,,,,,,,,,,,,,,,,,,,,,,,,
953,1562,"Sansa, Buddhist Mountain Monasteries in Korea",Republic of Korea,,,,(iii),,,,,,,,,,,,,,,,,,,,,,,,,,,
954,1199,Kunya-Urgench,Turkmenistan,,,,(ii)(iii),,,,,,,,,,,,,,,,,,,,,,,,,,,
955,484,Xanthos-Letoon,Türkiye,,,,(ii)(iii),,,,,,,,,,,,,,,,,,,,,,,,,,,
956,1014,The Archaeological Heritage of Niah National Park’s Caves Complex,Malaysia,,,,(iii)(v),,,,,,,,,,,,,,,,,,,,,,,,,,,
957,1265,Richtersveld Cultural and Botanical Landscape,South Africa,,,,(i)(v)(v),,,,,,,,,,,,,,,,,,,,,,,,,,,
958,1627,Cultural Heritage Sites of Ancient Khuttal,Tajikistan,,,,(ii)(iii),,,,,,,,,,,,,,,,,,,,,,,,,,,
959,1500,Gorham's Cave Complex,United Kingdom of Great Britain and Northern Ireland,,,,(iii),,,,,,,,,,,,,,,,,,,,,,,,,,,
960,1696,Cultural Landscape of Khinalig People and “Köç Yolu” Transhumance Route,Azerbaijan,,,,(iii)(v),,,,,,,,,,,,,,,,,,,,,,,,,,,
961,1243,"Lavaux, Vineyard Terraces",Switzerland,,,,(iii)(iv)(v),,,,,,,,,,,,,,,,,,,,,,,,,,,
962,1495,Hidden Christian Sites in the Nagasaki Region,Japan,,,,(iii),,,,,,,,,,,,,,,,,,,,,,,,,,,
963,1597,Writing-on-Stone / Áísínai’pi,Canada,,,,(iii),,,,,,,,,,,,,,,,,,,,,,,,,,,
964,1407,"Bassari Country: Bassari, Fula and Bedik Cultural Landscapes",Senegal,,,,(iii)(v)(vi),,,,,,,,,,,,,,,,,,,,,,,,,,,
965,1545,ǂKhomani Cultural Landscape,South Africa,,,,(v)(vi),,,,,,,,,,,,,,,,,,,,,,,,,,,
966,1259,Le Morne Cultural Landscape,Mauritius,,,,(iii)(vi),,,,,,,,,,,,,,,,,,,,,,,,,,,
967,1669,Gordion,Türkiye,,,,(iii),,,,,,,,,,,,,,,,,,,,,,,,,,,
968,1735,Faya Palaeolandscape,United Arab Emirates,,,,(iii)(iv),,,,,,,,,,,,,,,,,,,,,,,,,,,
969,1654,Petroglyphs of Lake Onega and the White Sea,Russian Federation,,,,(iii),,,,,,,,,,,,,,,,,,,,,,,,,,,
970,1665,Cultural Landscape of Old Tea Forests of the Jingmai Mountain in Pu’er,China,,,,(iii)(v),,,,,,,,,,,,,,,,,,,,,,,,,,,
971,1732,"Yen Tu-Vinh Nghiem-Con Son, Kiep Bac Complex of Monuments and Landscapes",Viet Nam,,,,(iii)(vi),,,,,,,,,,,,,,,,,,,,,,,,,,,
972,1076,Gobustan Rock Art Cultural Landscape,Azerbaijan,,,,(iii),,,,,,,,,,,,,,,,,,,,,,,,,,,
